created_at,SUHU,KELEMBABAN,IRRADIATION,DEBU,ARUS,TEGANGAN,TANGGAL,JAM
2023-07-1005:00:00,24.6,85.0,19.16667,211.2793,3.3,2.90434,2023-07-10,05:00
2023-07-1005:10:00,24.5,87.0,136.66666,148.19336,4.5,3.85276,2023-07-10,05:10
2023-07-1005:20:00,24.7,87.0,333.33331,139.0625,21.2,18.75012,2023-07-10,05:20
2023-07-1005:30:00,25.0,85.0,1370.0,178.90625,27.0,21.93437,2023-07-10,05:30
2023-07-1005:40:00,25.3,84.0,2323.33325,322.50977,24.8,22.63844,2023-07-10,05:40
2023-07-1005:50:00,25.9,84.0,3551.6665,319.18945,24.9,23.18649,2023-07-10,05:50
2023-07-1006:00:00,26.0,82.0,4303.33301,205.46875,24.9,23.59456,2023-07-10,06:00
2023-07-1006:10:00,26.5,81.0,4855.83301,323.33984,24.7,23.19849,2023-07-10,06:10
2023-07-1006:20:00,27.3,79.0,4870.0,149.02344,24.9,22.84245,2023-07-10,06:20
2023-07-1006:30:00,27.4,76.0,4634.1665,290.13672,24.5,22.76646,2023-07-10,06:30
2023-07-1006:40:00,27.8,75.0,3920.83325,359.86328,24.0,23.09848,2023-07-10,06:40
2023-07-1006:50:00,28.6,72.0,3953.33325,171.43555,24.9,22.86249,2023-07-10,06:50
2023-07-1007:00:00,29.2,72.0,4535.0,340.77148,27.3,22.98648,2023-07-10,07:00
2023-07-1007:10:00,29.6,70.0,5751.6665,99.21875,24.8,23.14968,2023-07-10,07:10
2023-07-1007:20:00,30.4,68.0,7429.1665,298.4375,25.2,22.72252,2023-07-10,07:20
2023-07-1007:30:00,31.6,67.0,8540.83301,125.78125,26.8,22.92253,2023-07-10,07:30
2023-07-1007:40:00,32.4,66.0,9386.66602,217.08984,28.5,22.88251,2023-07-10,07:40
2023-07-1007:50:00,33.4,64.0,10611.66602,261.91406,25.5,22.82249,2023-07-10,07:50
2023-07-1008:00:00,34.7,60.0,11630.0,214.59961,28.3,22.84251,2023-07-10,08:00
2023-07-1008:10:00,35.1,58.0,12997.49902,196.33789,25.5,22.75847,2023-07-10,08:10
2023-07-1008:20:00,35.4,58.0,14608.33301,214.59961,29.3,22.9505,2023-07-10,08:20
2023-07-1008:30:00,36.8,54.0,16134.16602,173.0957,26.4,22.22649,2023-07-10,08:30
2023-07-1008:40:00,36.0,53.0,18225.0,267.72461,24.5,22.57448,2023-07-10,08:40
2023-07-1008:50:00,35.3,54.0,20459.16602,222.90039,25.0,22.5625,2023-07-10,08:50
2023-07-1009:00:00,35.9,53.0,23030.83203,247.80273,28.3,22.8145,2023-07-10,09:00
2023-07-1009:10:00,37.8,51.0,25791.66602,305.9082,25.5,22.41849,2023-07-10,09:10
2023-07-1009:20:00,38.4,51.0,27986.66602,99.21875,28.2,22.56648,2023-07-10,09:20
2023-07-1009:30:00,37.1,50.0,30195.83203,316.69922,25.0,22.35049,2023-07-10,09:30
2023-07-1009:40:00,38.2,50.0,32661.66602,321.67969,22.1,22.67067,2023-07-10,09:40
2023-07-1009:50:00,38.4,51.0,37014.16406,148.19336,28.4,22.22246,2023-07-10,09:50
2023-07-1010:00:00,38.2,50.0,38790.83203,263.57422,24.6,22.53043,2023-07-10,10:00
2023-07-1010:10:00,37.2,51.0,43864.16406,103.36914,25.7,22.67445,2023-07-10,10:10
2023-07-1010:20:00,38.4,51.0,46142.5,201.31836,26.9,22.35443,2023-07-10,10:20
2023-07-1010:30:00,37.8,51.0,47331.66406,202.97852,24.6,22.27445,2023-07-10,10:30
2023-07-1010:40:00,38.3,51.0,52870.83203,169.77539,24.4,22.14246,2023-07-10,10:40
2023-07-1010:50:00,36.8,52.0,54612.49609,218.75,24.9,22.53048,2023-07-10,10:50
2023-07-1011:00:00,36.8,53.0,54612.49609,224.56055,24.7,22.36246,2023-07-10,11:00
2023-07-1011:10:00,36.9,53.0,54612.49609,353.22266,27.3,22.58974,2023-07-10,11:10
2023-07-1011:20:00,37.0,53.0,54612.49609,269.38477,28.3,22.25845,2023-07-10,11:20
2023-07-1011:30:00,36.9,54.0,54612.49609,312.54883,28.0,22.50647,2023-07-10,11:30
2023-07-1011:40:00,36.1,54.0,54612.49609,258.59375,28.2,22.63445,2023-07-10,11:40
2023-07-1011:50:00,36.4,51.0,54612.49609,213.76953,27.4,22.47049,2023-07-10,11:50
2023-07-1012:00:00,35.6,53.0,54612.49609,210.44922,22.9,22.95459,2023-07-10,12:00
2023-07-1012:10:00,35.6,52.0,54612.49609,296.77734,24.6,22.54248,2023-07-10,12:10
2023-07-1012:20:00,36.8,53.0,54612.49609,98.38867,25.1,22.7825,2023-07-10,12:20
2023-07-1012:30:00,36.7,54.0,54612.49609,330.81055,28.4,22.8065,2023-07-10,12:30
2023-07-1012:40:00,37.8,54.0,54612.49609,183.88672,25.1,22.45848,2023-07-10,12:40
2023-07-1012:50:00,36.8,54.0,54612.49609,134.91211,28.7,22.55846,2023-07-10,12:50
2023-07-1013:00:00,36.7,55.0,54612.49609,256.10352,28.7,22.76249,2023-07-10,13:00
2023-07-1013:10:00,37.1,53.0,42260.0,281.00586,24.3,22.61445,2023-07-10,13:10
2023-07-1013:20:00,37.0,54.0,28819.16602,337.45117,25.1,22.25446,2023-07-10,13:20
2023-07-1013:30:00,37.7,51.0,37227.5,202.97852,24.6,22.27846,2023-07-10,13:30
2023-07-1013:40:00,38.0,53.0,42419.16406,297.60742,24.6,22.27448,2023-07-10,13:40
2023-07-1013:50:00,37.4,53.0,34260.83203,178.90625,24.9,22.10246,2023-07-10,13:50
2023-07-1014:00:00,36.8,52.0,26529.16602,300.09766,24.3,21.96643,2023-07-10,14:00
2023-07-1014:10:00,37.2,52.0,30933.33203,299.26758,24.8,22.41052,2023-07-10,14:10
2023-07-1014:20:00,36.8,53.0,36143.33203,144.04297,28.1,22.54246,2023-07-10,14:20
2023-07-1014:30:00,36.2,54.0,27476.66602,199.6582,24.5,22.41043,2023-07-10,14:30
2023-07-1014:40:00,36.0,54.0,24502.5,227.05078,28.0,22.30245,2023-07-10,14:40
2023-07-1014:50:00,34.3,58.0,7773.33301,293.45703,24.0,21.5184,2023-07-10,14:50
2023-07-1015:00:00,34.1,60.0,7860.83301,324.16992,23.3,21.86641,2023-07-10,15:00
2023-07-1015:10:00,34.8,60.0,20670.83203,194.67773,24.4,22.33047,2023-07-10,15:10
2023-07-1015:20:00,34.0,60.0,18658.998827000003,429.58984,24.3,22.00242,2023-07-10,15:20
2023-07-1015:30:00,34.3,59.0,16647.165624,7.91016,24.0,21.61437,2023-07-10,15:30
2023-07-1015:40:00,33.4,59.0,14635.332421,173.92578,23.3,21.10636,2023-07-10,15:40
2023-07-1015:50:00,32.4,61.0,12623.499218,427.09961,23.7,21.11833,2023-07-10,15:50
2023-07-1016:00:00,32.6,62.0,10611.666015,224.56055,23.3,20.8943,2023-07-10,16:00
2023-07-1016:10:00,32.1,62.0,8599.832812,165.625,26.5,20.83357,2023-07-10,16:10
2023-07-1016:20:00,31.6,62.0,6587.999609,161.47461,23.0,19.93425,2023-07-10,16:20
2023-07-1016:30:00,31.0,65.0,4576.166406,373.97461,8.4,4.93285,2023-07-10,16:30
2023-07-1016:40:00,30.7,65.0,2564.3332029999983,269.38477,22.5,5.91293,2023-07-10,16:40
2023-07-1016:50:00,30.6,65.0,552.5,260.25391,24.1,15.74926,2023-07-10,16:50
2023-07-1017:00:00,30.0,66.0,240.83333,136.57227,4.0,3.62073,2023-07-10,17:00
2023-07-1105:00:00,24.1,84.0,11.66667,179.73633,3.6,3.30837,2023-07-11,05:00
2023-07-1105:10:00,24.1,83.0,75.0,402.19727,3.7,3.62053,2023-07-11,05:10
2023-07-1105:20:00,24.0,83.0,270.83331,102.53906,23.3,17.46203,2023-07-11,05:20
2023-07-1105:30:00,24.1,83.0,701.66663,176.41602,23.5,21.33829,2023-07-11,05:30
2023-07-1105:40:00,24.3,84.0,1210.83325,168.11523,23.5,21.9307,2023-07-11,05:40
2023-07-1105:50:00,24.1,81.0,1834.99988,186.37695,24.4,22.41846,2023-07-11,05:50
2023-07-1106:00:00,24.6,81.0,2410.0,315.86914,24.8,22.65447,2023-07-11,06:00
2023-07-1106:10:00,25.3,80.0,3000.0,281.83594,24.6,22.94249,2023-07-11,06:10
2023-07-1106:20:00,25.3,78.0,3605.83325,324.16992,28.9,23.09451,2023-07-11,06:20
2023-07-1106:30:00,26.0,76.0,4425.83301,246.97266,24.9,23.10253,2023-07-11,06:30
2023-07-1106:40:00,26.3,75.0,5145.83301,175.58594,24.9,23.25854,2023-07-11,06:40
2023-07-1106:50:00,26.9,75.0,5084.1665,311.71875,25.3,23.19452,2023-07-11,06:50
2023-07-1107:00:00,27.4,75.0,5723.33301,166.45508,25.3,23.33853,2023-07-11,07:00
2023-07-1107:10:00,28.3,72.0,8585.83301,152.34375,25.3,23.23451,2023-07-11,07:10
2023-07-1107:20:00,29.3,70.0,9372.5,231.20117,25.3,23.30249,2023-07-11,07:20
2023-07-1107:30:00,30.0,67.0,8511.66602,308.39844,24.8,22.98651,2023-07-11,07:30
2023-07-1107:40:00,31.8,65.0,10756.66602,383.93555,28.7,23.21855,2023-07-11,07:40
2023-07-1107:50:00,32.1,62.0,12430.83301,143.21289,27.0,23.17056,2023-07-11,07:50
2023-07-1108:00:00,33.0,63.0,13578.33301,216.25977,28.0,23.29859,2023-07-11,08:00
2023-07-1108:10:00,34.0,60.0,15079.99902,137.40234,25.6,23.07856,2023-07-11,08:10
2023-07-1108:20:00,33.4,60.0,14720.83301,192.1875,24.8,22.92654,2023-07-11,08:20
2023-07-1108:30:00,33.2,61.0,15435.83301,286.81641,25.4,22.74657,2023-07-11,08:30
2023-07-1108:40:00,33.1,61.0,17349.16602,591.45508,28.5,22.89851,2023-07-11,08:40
2023-07-1108:50:00,33.0,60.0,19290.0,311.71875,25.5,22.90655,2023-07-11,08:50
2023-07-1109:00:00,33.6,60.0,21720.0,292.62695,25.4,22.90253,2023-07-11,09:00
2023-07-1109:10:00,33.3,59.0,20901.66602,222.90039,29.0,23.12258,2023-07-11,09:10
2023-07-1109:20:00,34.2,60.0,30026.66602,123.29102,25.3,22.96254,2023-07-11,09:20
2023-07-1109:30:00,34.0,60.0,23819.16602,287.64648,25.2,22.83089,2023-07-11,09:30
2023-07-1109:40:00,34.4,59.0,25156.66602,250.29297,25.2,22.89053,2023-07-11,09:40
2023-07-1109:50:00,34.8,57.0,31533.33203,297.60742,25.1,22.81452,2023-07-11,09:50
2023-07-1110:00:00,35.7,56.0,38102.5,324.16992,29.2,22.84654,2023-07-11,10:00
2023-07-1110:10:00,37.2,56.0,31144.99805,148.19336,24.7,22.31447,2023-07-11,10:10
2023-07-1110:20:00,36.0,56.0,29040.83203,292.62695,25.0,22.27849,2023-07-11,10:20
2023-07-1110:30:00,35.1,55.0,12939.16602,256.10352,25.0,21.63043,2023-07-11,10:30
2023-07-1110:40:00,36.2,55.0,41673.33203,207.95898,25.7,22.81454,2023-07-11,10:40
2023-07-1110:50:00,37.7,54.0,47035.83203,56.88477,25.5,22.54249,2023-07-11,10:50
2023-07-1111:00:00,38.1,53.0,48794.16406,179.73633,24.9,22.4305,2023-07-11,11:00
2023-07-1111:10:00,38.2,53.0,51371.66406,101.70898,25.1,22.38649,2023-07-11,11:10
2023-07-1111:20:00,38.6,52.0,53845.83203,339.94141,24.8,22.29848,2023-07-11,11:20
2023-07-1111:30:00,37.6,51.0,53094.16406,189.69727,28.5,22.6825,2023-07-11,11:30
2023-07-1111:40:00,38.0,51.0,49372.49609,278.51562,24.9,22.17451,2023-07-11,11:40
2023-07-1111:50:00,36.7,50.0,49199.16406,177.24609,25.2,22.80251,2023-07-11,11:50
2023-07-1112:00:00,36.2,49.0,31187.49805,304.24805,23.6,17.53377,2023-07-11,12:00
2023-07-1112:10:00,36.0,50.0,49549.16406,226.2207,25.1,23.10673,2023-07-11,12:10
2023-07-1112:20:00,36.4,49.0,44547.5,164.79492,25.3,22.65852,2023-07-11,12:20
2023-07-1112:30:00,37.5,51.0,47196.66406,289.30664,25.4,22.6545,2023-07-11,12:30
2023-07-1112:40:00,38.5,51.0,42583.33203,161.47461,24.8,22.52651,2023-07-11,12:40
2023-07-1112:50:00,38.2,52.0,41405.0,234.52148,24.9,22.44648,2023-07-11,12:50
2023-07-1113:00:00,38.5,53.0,38129.16406,121.63086,25.2,22.2945,2023-07-11,13:00
2023-07-1113:10:00,37.4,51.0,23419.16602,352.39258,24.9,22.27451,2023-07-11,13:10
2023-07-1113:20:00,36.3,52.0,19128.33203,152.34375,24.6,22.00646,2023-07-11,13:20
2023-07-1113:30:00,37.2,52.0,18992.5,220.41016,24.9,22.19848,2023-07-11,13:30
2023-07-1113:40:00,36.2,52.0,18502.5,151.51367,24.8,22.21851,2023-07-11,13:40
2023-07-1113:50:00,35.7,53.0,19265.83203,169.77539,24.9,22.2625,2023-07-11,13:50
2023-07-1114:00:00,36.5,52.0,20727.5,125.78125,28.2,22.26644,2023-07-11,14:00
2023-07-1114:10:00,37.1,54.0,29213.33203,232.03125,25.5,22.68256,2023-07-11,14:10
2023-07-1114:20:00,36.3,55.0,18178.33203,174.75586,25.5,22.09048,2023-07-11,14:20
2023-07-1114:30:00,35.0,59.0,19101.66602,378.125,25.1,22.46652,2023-07-11,14:30
2023-07-1114:40:00,34.1,61.0,14902.49902,272.70508,28.8,22.44651,2023-07-11,14:40
2023-07-1114:50:00,34.1,61.0,10985.0,271.875,26.7,22.14648,2023-07-11,14:50
2023-07-1115:00:00,33.5,62.0,9505.83301,260.25391,25.7,22.11743,2023-07-11,15:00
2023-07-1115:10:00,33.1,64.0,7733.33301,245.3125,28.3,22.00248,2023-07-11,15:10
2023-07-1115:20:00,32.2,64.0,6953.33301,170.60547,26.3,22.19448,2023-07-11,15:20
2023-07-1115:30:00,32.1,66.0,7934.1665,240.33203,24.8,22.30675,2023-07-11,15:30
2023-07-1115:40:00,31.8,66.0,6050.0,205.46875,24.4,21.65844,2023-07-11,15:40
2023-07-1115:50:00,31.2,65.0,3893.33325,227.88086,25.0,21.41043,2023-07-11,15:50
2023-07-1116:00:00,31.3,65.0,2839.1665,179.73633,23.9,20.93437,2023-07-11,16:00
2023-07-1116:10:00,30.9,66.0,1925.83325,246.14258,23.1,20.44232,2023-07-11,16:10
2023-07-1116:20:00,30.5,68.0,1564.1666025,285.15625,23.4,20.73061,2023-07-11,16:20
2023-07-1116:30:00,30.4,68.0,1202.499955,276.85547,23.4,20.62632,2023-07-11,16:30
2023-07-1116:40:00,30.1,68.0,840.8333075,207.95898,25.5,19.51824,2023-07-11,16:40
2023-07-1116:50:00,30.0,69.0,479.16666,345.75195,20.7,17.83807,2023-07-11,16:50
2023-07-1117:00:00,29.7,70.0,179.16666,258.59375,4.0,3.63676,2023-07-11,17:00
2023-07-1205:00:00,25.2,86.0,30.0,206.29883,3.7,3.01259,2023-07-12,05:00
2023-07-1205:10:00,25.2,86.0,179.16666,354.05273,8.0,4.34482,2023-07-12,05:10
2023-07-1205:20:00,25.1,87.0,633.33331,295.11719,22.9,19.76226,2023-07-12,05:20
2023-07-1205:30:00,25.5,87.0,1235.0,269.38477,27.5,21.86644,2023-07-12,05:30
2023-07-1205:40:00,25.5,84.0,1819.16663,212.93945,25.2,22.32646,2023-07-12,05:40
2023-07-1205:50:00,25.8,83.0,2195.0,272.70508,24.9,22.61848,2023-07-12,05:50
2023-07-1206:00:00,25.8,81.0,2138.33325,155.66406,25.1,22.69054,2023-07-12,06:00
2023-07-1206:10:00,26.1,80.0,2329.1665,270.21484,24.4,22.79442,2023-07-12,06:10
2023-07-1206:20:00,26.5,80.0,2690.0,285.15625,24.0,22.5664,2023-07-12,06:20
2023-07-1206:30:00,27.5,77.0,3604.99976,212.93945,24.3,22.69842,2023-07-12,06:30
2023-07-1206:40:00,27.6,76.0,4385.83301,287.64648,23.8,23.34274,2023-07-12,06:40
2023-07-1206:50:00,28.0,74.0,3912.49976,289.30664,24.2,23.22235,2023-07-12,06:50
2023-07-1207:00:00,28.5,71.0,4565.0,377.29492,23.9,22.83433,2023-07-12,07:00
2023-07-1207:10:00,29.6,70.0,9664.16602,300.92773,23.5,22.95434,2023-07-12,07:10
2023-07-1207:20:00,30.7,67.0,10890.83301,365.67383,23.5,22.92234,2023-07-12,07:20
2023-07-1207:30:00,31.0,65.0,12135.83301,110.83984,26.2,23.06133,2023-07-12,07:30
2023-07-1207:40:00,32.4,63.0,13662.49902,285.15625,23.7,22.77037,2023-07-12,07:40
2023-07-1207:50:00,33.4,62.0,15633.33301,233.69141,26.9,23.09836,2023-07-12,07:50
2023-07-1208:00:00,34.5,60.0,17280.0,230.37109,22.5,22.75834,2023-07-12,08:00
2023-07-1208:10:00,35.8,58.0,19143.33203,266.89453,25.8,22.72235,2023-07-12,08:10
2023-07-1208:20:00,34.6,60.0,21356.66602,309.22852,23.3,22.58635,2023-07-12,08:20
2023-07-1208:30:00,35.8,58.0,19840.83203,247.80273,23.4,22.37464,2023-07-12,08:30
2023-07-1208:40:00,36.0,56.0,31857.49805,377.29492,23.3,22.66637,2023-07-12,08:40
2023-07-1208:50:00,34.6,58.0,23107.5,285.15625,23.3,22.25432,2023-07-12,08:50
2023-07-1209:00:00,37.0,56.0,34215.0,237.8418,23.8,23.05437,2023-07-12,09:00
2023-07-1209:10:00,35.8,57.0,39072.5,338.28125,24.2,23.23041,2023-07-12,09:10
2023-07-1209:20:00,34.9,58.0,22529.16602,216.25977,23.1,22.37433,2023-07-12,09:20
2023-07-1209:30:00,33.6,59.0,21629.16602,203.80859,27.0,22.17834,2023-07-12,09:30
2023-07-1209:40:00,33.4,60.0,17088.33203,208.78906,26.8,22.59432,2023-07-12,09:40
2023-07-1209:50:00,34.2,59.0,22749.16602,255.27344,27.4,22.85863,2023-07-12,09:50
2023-07-1210:00:00,34.8,60.0,30170.83203,274.36523,23.8,22.80637,2023-07-12,10:00
2023-07-1210:10:00,35.1,59.0,29927.49805,339.11133,26.8,22.73437,2023-07-12,10:10
2023-07-1210:20:00,34.2,59.0,22840.0,116.65039,23.5,22.64234,2023-07-12,10:20
2023-07-1210:30:00,37.1,56.0,54612.49609,205.46875,23.7,22.75836,2023-07-12,10:30
2023-07-1210:40:00,37.1,55.0,52352.49609,178.90625,23.5,22.31433,2023-07-12,10:40
2023-07-1210:50:00,38.4,54.0,54411.66406,296.77734,25.2,22.50634,2023-07-12,10:50
2023-07-1211:00:00,37.7,54.0,53603.33203,10.40039,26.5,22.31033,2023-07-12,11:00
2023-07-1211:10:00,37.8,53.0,53751.66406,313.37891,26.0,22.19032,2023-07-12,11:10
2023-07-1211:20:00,37.8,54.0,54612.49609,285.15625,19.4,22.35833,2023-07-12,11:20
2023-07-1211:30:00,40.3,51.0,24192.5,150.68359,23.5,21.43824,2023-07-12,11:30
2023-07-1211:40:00,38.7,54.0,50869.99609,245.3125,24.7,22.95433,2023-07-12,11:40
2023-07-1211:50:00,37.2,54.0,18076.66602,147.36328,25.5,21.88227,2023-07-12,11:50
2023-07-1212:00:00,34.8,58.0,5845.0,235.35156,22.4,21.14622,2023-07-12,12:00
2023-07-1212:10:00,33.8,60.0,6124.1665,232.86133,25.6,21.62627,2023-07-12,12:10
2023-07-1212:20:00,34.0,59.0,5234.1665,308.39844,29.0,9.92118,2023-07-12,12:20
2023-07-1212:30:00,32.6,62.0,7612.49951,200.48828,21.9,22.24632,2023-07-12,12:30
2023-07-1212:40:00,32.4,63.0,20098.33203,165.625,26.8,23.04639,2023-07-12,12:40
2023-07-1212:50:00,32.8,63.0,15737.49902,230.37109,23.4,22.44637,2023-07-12,12:50
2023-07-1213:00:00,33.3,63.0,18656.66602,311.71875,27.3,22.77434,2023-07-12,13:00
2023-07-1213:10:00,33.9,62.0,40343.33203,281.83594,26.4,23.5024,2023-07-12,13:10
2023-07-1213:20:00,34.6,60.0,19462.5,331.64062,23.2,22.47033,2023-07-12,13:20
2023-07-1213:30:00,34.7,60.0,22790.0,311.71875,25.7,22.32233,2023-07-12,13:30
2023-07-1213:40:00,34.3,60.0,11125.0,329.98047,24.1,21.71828,2023-07-12,13:40
2023-07-1213:50:00,33.5,62.0,14613.33301,292.62695,26.7,22.51429,2023-07-12,13:50
2023-07-1214:00:00,35.5,59.0,30741.66602,276.85547,25.1,22.63433,2023-07-12,14:00
2023-07-1214:10:00,33.2,62.0,9139.16602,152.34375,10.1,20.37427,2023-07-12,14:10
2023-07-1214:20:00,33.4,63.0,7235.83301,218.75,22.7,21.67828,2023-07-12,14:20
2023-07-1214:30:00,32.3,63.0,7758.33301,189.69727,23.0,21.79435,2023-07-12,14:30
2023-07-1214:40:00,31.8,65.0,8932.5,283.49609,23.5,22.4423,2023-07-12,14:40
2023-07-1214:50:00,31.3,65.0,5194.1665,194.67773,25.7,21.44625,2023-07-12,14:50
2023-07-1215:00:00,30.2,68.0,2502.5,323.33984,25.6,20.91021,2023-07-12,15:00
2023-07-1215:10:00,30.1,69.0,4151.6665,158.1543,25.5,21.48226,2023-07-12,15:10
2023-07-1215:20:00,30.1,68.0,2800.83325,169.77539,22.4,21.25831,2023-07-12,15:20
2023-07-1215:30:00,30.1,68.0,1475.83325,178.07617,22.6,20.17412,2023-07-12,15:30
2023-07-1215:40:00,30.2,68.0,3443.33325,181.39648,22.2,21.47024,2023-07-12,15:40
2023-07-1215:50:00,30.4,68.0,5500.83301,154.00391,22.8,21.95438,2023-07-12,15:50
2023-07-1216:00:00,30.0,68.0,3958.33325,98.38867,10.7,5.65687,2023-07-12,16:00
2023-07-1216:10:00,29.7,70.0,1510.0,90.08789,8.0,19.90211,2023-07-12,16:10
2023-07-1216:20:00,29.7,70.0,868.33331,164.79492,7.8,18.95804,2023-07-12,16:20
2023-07-1216:30:00,29.5,70.0,761.66663,360.69336,20.1,18.34197,2023-07-12,16:30
2023-07-1216:40:00,29.4,70.0,685.83331,353.22266,19.7,18.20198,2023-07-12,16:40
2023-07-1216:50:00,29.0,70.0,565.83331,124.95117,19.5,18.16597,2023-07-12,16:50
2023-07-1217:00:00,29.0,72.0,155.83333,258.59375,3.8,3.58849,2023-07-12,17:00
2023-07-1305:00:00,25.9,92.0,9.16667,290.13672,2.2,2.14827,2023-07-13,05:00
2023-07-1305:10:00,25.9,92.0,75.0,145.70312,3.4,3.14033,2023-07-13,05:10
2023-07-1305:20:00,25.7,91.0,162.5,254.44336,3.8,3.59654,2023-07-13,05:20
2023-07-1305:30:00,25.9,92.0,354.16666,165.625,8.8,5.54885,2023-07-13,05:30
2023-07-1305:40:00,26.0,92.0,686.66663,188.86719,23.4,19.53794,2023-07-13,05:40
2023-07-1305:50:00,25.9,92.0,1360.0,232.03125,21.9,20.77018,2023-07-13,05:50
2023-07-1306:00:00,26.2,91.0,1977.49988,125.78125,22.0,21.27019,2023-07-13,06:00
2023-07-1306:10:00,26.3,91.0,2395.0,277.68555,21.1,21.65021,2023-07-13,06:10
2023-07-1306:20:00,26.5,90.0,3070.83325,217.08984,22.5,21.73824,2023-07-13,06:20
2023-07-1306:30:00,26.4,90.0,2803.33325,193.01758,22.6,21.95423,2023-07-13,06:30
2023-07-1306:40:00,26.6,90.0,4459.1665,257.76367,22.7,21.99429,2023-07-13,06:40
2023-07-1306:50:00,26.9,89.0,5878.33301,290.13672,23.0,22.31829,2023-07-13,06:50
2023-07-1307:00:00,27.1,85.0,6625.83301,173.0957,22.9,22.2143,2023-07-13,07:00
2023-07-1307:10:00,27.0,86.0,6464.1665,186.37695,23.5,22.57029,2023-07-13,07:10
2023-07-1307:20:00,26.9,87.0,6595.83301,285.15625,22.9,22.2743,2023-07-13,07:20
2023-07-1307:30:00,27.1,89.0,6825.83301,196.33789,23.0,22.12232,2023-07-13,07:30
2023-07-1307:40:00,26.9,89.0,5850.83301,454.49219,22.9,21.91829,2023-07-13,07:40
2023-07-1307:50:00,26.8,88.0,4160.0,183.88672,22.8,21.83459,2023-07-13,07:50
2023-07-1308:00:00,26.5,90.0,4544.1665,359.0332,26.3,22.10231,2023-07-13,08:00
2023-07-1308:10:00,27.1,91.0,10182.5,306.73828,23.6,22.95837,2023-07-13,08:10
2023-07-1308:20:00,27.7,87.0,13306.66602,261.08398,24.4,23.1504,2023-07-13,08:20
2023-07-1308:30:00,28.2,84.0,14126.66602,211.2793,23.8,22.90635,2023-07-13,08:30
2023-07-1308:40:00,28.2,83.0,10528.33301,261.08398,24.9,22.8345,2023-07-13,08:40
2023-07-1308:50:00,28.6,82.0,14123.33301,261.08398,23.8,22.73433,2023-07-13,08:50
2023-07-1309:00:00,28.8,81.0,10387.5,205.46875,25.8,22.62973,2023-07-13,09:00
2023-07-1309:10:00,28.9,81.0,9825.83301,144.04297,25.5,22.37437,2023-07-13,09:10
2023-07-1309:20:00,29.2,82.0,14776.66602,354.05273,24.0,22.8144,2023-07-13,09:20
2023-07-1309:30:00,31.7,75.0,41286.66406,378.125,24.6,23.29042,2023-07-13,09:30
2023-07-1309:40:00,31.2,74.0,21571.66602,229.54102,23.9,22.83036,2023-07-13,09:40
2023-07-1309:50:00,31.0,73.0,35718.33203,168.94531,24.3,23.08642,2023-07-13,09:50
2023-07-1310:00:00,32.4,72.0,18086.66602,232.86133,26.7,22.37788,2023-07-13,10:00
2023-07-1310:10:00,30.6,74.0,14214.16602,345.75195,26.9,22.49761,2023-07-13,10:10
2023-07-1310:20:00,31.0,73.0,16233.33301,309.22852,23.5,22.43834,2023-07-13,10:20
2023-07-1310:30:00,31.0,72.0,13389.99902,338.28125,24.0,22.48633,2023-07-13,10:30
2023-07-1310:40:00,31.2,73.0,11514.16602,222.90039,23.6,22.32636,2023-07-13,10:40
2023-07-1310:50:00,31.4,73.0,25259.99805,204.63867,24.2,22.89839,2023-07-13,10:50
2023-07-1311:00:00,31.6,71.0,14026.66602,296.77734,23.3,22.21837,2023-07-13,11:00
2023-07-1311:10:00,31.1,69.0,10492.5,205.46875,26.4,22.07033,2023-07-13,11:10
2023-07-1311:20:00,30.4,73.0,10285.0,196.33789,24.0,22.36233,2023-07-13,11:20
2023-07-1311:30:00,31.2,73.0,13840.83301,183.88672,26.7,22.91038,2023-07-13,11:30
2023-07-1311:40:00,31.0,71.0,21936.66602,233.69141,27.2,23.09439,2023-07-13,11:40
2023-07-1311:50:00,32.1,70.0,22847.5,113.33008,24.6,22.69037,2023-07-13,11:50
2023-07-1312:00:00,31.4,70.0,15590.83301,223.73047,23.3,22.48633,2023-07-13,12:00
2023-07-1312:10:00,30.6,72.0,13429.99902,217.08984,24.0,22.52239,2023-07-13,12:10
2023-07-1312:20:00,30.4,72.0,8602.5,178.07617,29.6,22.26233,2023-07-13,12:20
2023-07-1312:30:00,30.6,72.0,7786.6665,258.59375,24.0,22.14229,2023-07-13,12:30
2023-07-1312:40:00,30.8,71.0,8914.16602,305.9082,23.2,22.20235,2023-07-13,12:40
2023-07-1312:50:00,31.2,72.0,13496.66602,232.03125,25.8,22.74235,2023-07-13,12:50
2023-07-1313:00:00,32.1,72.0,13803.33301,277.68555,23.3,22.67435,2023-07-13,13:00
2023-07-1313:10:00,32.0,70.0,11840.0,282.66602,23.4,22.33034,2023-07-13,13:10
2023-07-1313:20:00,32.0,69.0,17185.0,271.875,26.8,22.77837,2023-07-13,13:20
2023-07-1313:30:00,32.6,69.0,17665.83203,202.14844,29.2,22.62237,2023-07-13,13:30
2023-07-1313:40:00,32.5,67.0,13844.16602,335.79102,26.7,22.09444,2023-07-13,13:40
2023-07-1313:50:00,32.0,68.0,8832.5,206.29883,22.5,21.65029,2023-07-13,13:50
2023-07-1314:00:00,30.8,72.0,2451.6665,233.69141,21.9,20.71419,2023-07-13,14:00
2023-07-1314:10:00,30.2,75.0,5375.83301,173.92578,22.7,21.87031,2023-07-13,14:10
2023-07-1314:20:00,30.2,74.0,4950.0,311.71875,26.1,21.80228,2023-07-13,14:20
2023-07-1314:30:00,30.4,75.0,3370.83325,228.71094,22.6,21.40226,2023-07-13,14:30
2023-07-1314:40:00,30.4,75.0,4202.5,310.05859,22.9,21.48226,2023-07-13,14:40
2023-07-1314:50:00,30.4,75.0,7897.49951,210.44922,23.4,22.38231,2023-07-13,14:50
2023-07-1315:00:00,31.4,71.0,8942.5,196.33789,13.3,6.07657,2023-07-13,15:00
2023-07-1315:10:00,30.9,71.0,6907.49951,121.63086,23.1,21.76231,2023-07-13,15:10
2023-07-1315:20:00,30.7,72.0,6944.99951,212.93945,23.0,22.07832,2023-07-13,15:20
2023-07-1315:30:00,31.1,72.0,7886.6665,180.56641,23.1,21.90634,2023-07-13,15:30
2023-07-1315:40:00,30.8,72.0,6172.49951,204.63867,25.9,21.99028,2023-07-13,15:40
2023-07-1315:50:00,30.4,73.0,2994.1665,257.76367,22.7,20.64623,2023-07-13,15:50
2023-07-1316:00:00,29.8,74.0,1537.49988,364.84375,24.8,20.2301,2023-07-13,16:00
2023-07-1316:10:00,29.5,76.0,1584.16663,218.75,21.9,20.55415,2023-07-13,16:10
2023-07-1316:20:00,29.5,76.0,1995.83325,165.625,22.2,20.67417,2023-07-13,16:20
2023-07-1316:30:00,29.4,76.0,1389.16663,169.77539,24.0,20.13814,2023-07-13,16:30
2023-07-1316:40:00,29.1,76.0,1033.33325,274.36523,21.3,19.4021,2023-07-13,16:40
2023-07-1316:50:00,29.0,77.0,458.33331,240.33203,22.7,17.43792,2023-07-13,16:50
2023-07-1317:00:00,28.9,76.0,55.0,365.67383,3.3,3.05254,2023-07-13,17:00
2023-07-1405:00:00,24.8,91.0,11.66667,246.97266,5.6,4.05663,2023-07-14,05:00
2023-07-1405:10:00,24.8,91.0,89.16666,75.97656,7.7,4.44079,2023-07-14,05:10
2023-07-1405:20:00,24.9,90.0,244.99998,391.40625,7.7,4.57679,2023-07-14,05:20
2023-07-1405:30:00,24.8,91.0,518.33331,207.12891,23.1,18.77798,2023-07-14,05:30
2023-07-1405:40:00,24.9,92.0,720.0,156.49414,24.2,19.45408,2023-07-14,05:40
2023-07-1405:50:00,24.6,93.0,1052.5,168.11523,21.5,20.58617,2023-07-14,05:50
2023-07-1406:00:00,24.9,91.0,1342.5,354.88281,11.3,5.20077,2023-07-14,06:00
2023-07-1406:10:00,25.3,90.0,1622.49988,113.33008,23.0,21.56223,2023-07-14,06:10
2023-07-1406:20:00,25.2,91.0,1733.33325,104.19922,22.9,21.87431,2023-07-14,06:20
2023-07-1406:30:00,25.9,88.0,2008.33325,245.3125,23.4,22.08631,2023-07-14,06:30
2023-07-1406:40:00,26.0,88.0,2910.83325,219.58008,25.0,22.85435,2023-07-14,06:40
2023-07-1406:50:00,26.5,85.0,4224.1665,203.80859,28.3,23.61047,2023-07-14,06:50
2023-07-1407:00:00,26.7,85.0,6584.99951,255.27344,25.0,23.79045,2023-07-14,07:00
2023-07-1407:10:00,27.3,83.0,8262.5,73.48633,28.5,23.51379,2023-07-14,07:10
2023-07-1407:20:00,27.5,82.0,5416.6665,334.96094,23.7,22.49836,2023-07-14,07:20
2023-07-1407:30:00,28.4,80.0,9343.33301,185.54687,24.1,23.22642,2023-07-14,07:30
2023-07-1407:40:00,29.1,74.0,10365.83301,189.69727,24.3,23.03039,2023-07-14,07:40
2023-07-1407:50:00,29.4,74.0,8143.33301,204.63867,25.2,22.88238,2023-07-14,07:50
2023-07-1408:00:00,29.3,74.0,8209.16602,265.23437,23.9,22.62641,2023-07-14,08:00
2023-07-1408:10:00,31.6,72.0,20952.5,178.90625,24.9,23.46248,2023-07-14,08:10
2023-07-1408:20:00,32.4,67.0,18357.5,124.95117,25.3,22.67838,2023-07-14,08:20
2023-07-1408:30:00,33.2,66.0,23425.83203,148.19336,24.2,22.90641,2023-07-14,08:30
2023-07-1408:40:00,34.1,64.0,26659.99805,4.58984,24.3,23.0504,2023-07-14,08:40
2023-07-1408:50:00,33.3,62.0,20973.33203,349.07227,24.0,22.58637,2023-07-14,08:50
2023-07-1409:00:00,34.8,62.0,30692.49805,262.74414,24.0,22.7664,2023-07-14,09:00
2023-07-1409:10:00,35.4,61.0,25170.83203,157.32422,27.0,22.73781,2023-07-14,09:10
2023-07-1409:20:00,35.2,60.0,26256.66602,114.99023,27.2,22.61837,2023-07-14,09:20
2023-07-1409:30:00,34.1,63.0,26181.66602,86.76758,24.0,22.69839,2023-07-14,09:30
2023-07-1409:40:00,34.9,63.0,26811.66602,171.43555,25.7,22.6344,2023-07-14,09:40
2023-07-1409:50:00,33.5,63.0,21085.83203,164.79492,23.7,22.48638,2023-07-14,09:50
2023-07-1410:00:00,34.4,63.0,21563.33203,232.03125,27.2,22.63837,2023-07-14,10:00
2023-07-1410:10:00,34.7,61.0,31795.83203,268.55469,24.4,22.82641,2023-07-14,10:10
2023-07-1410:20:00,34.5,62.0,29629.99805,219.58008,23.8,22.6744,2023-07-14,10:20
2023-07-1410:30:00,35.4,59.0,29964.16602,209.61914,26.5,22.34272,2023-07-14,10:30
2023-07-1410:40:00,35.4,59.0,25444.16602,201.31836,30.7,22.49838,2023-07-14,10:40
2023-07-1410:50:00,34.6,62.0,19016.66602,258.59375,23.8,22.38235,2023-07-14,10:50
2023-07-1411:00:00,34.2,62.0,17958.33203,135.74219,26.9,22.50237,2023-07-14,11:00
2023-07-1411:10:00,34.2,62.0,16039.16602,219.58008,23.5,22.44637,2023-07-14,11:10
2023-07-1411:20:00,34.2,63.0,18715.0,163.13477,23.9,22.66239,2023-07-14,11:20
2023-07-1411:30:00,34.5,60.0,23069.16602,245.3125,24.5,22.65041,2023-07-14,11:30
2023-07-1411:40:00,33.9,61.0,21010.0,309.22852,27.3,22.63838,2023-07-14,11:40
2023-07-1411:50:00,34.4,60.0,24623.33203,202.14844,27.8,22.88237,2023-07-14,11:50
2023-07-1412:00:00,35.4,58.0,26849.99805,284.32617,26.2,22.92674,2023-07-14,12:00
2023-07-1412:10:00,33.9,61.0,22233.33203,179.73633,27.9,22.57038,2023-07-14,12:10
2023-07-1412:20:00,33.4,62.0,16834.16602,231.20117,24.0,22.43034,2023-07-14,12:20
2023-07-1412:30:00,33.2,62.0,17927.5,334.13086,24.0,22.75443,2023-07-14,12:30
2023-07-1412:40:00,33.7,62.0,18936.66602,121.63086,24.0,22.7464,2023-07-14,12:40
2023-07-1412:50:00,34.4,61.0,22554.16602,185.54687,23.9,22.53839,2023-07-14,12:50
2023-07-1413:00:00,34.5,60.0,22549.16602,289.30664,27.5,22.92205,2023-07-14,13:00
2023-07-1413:10:00,35.2,58.0,23996.66602,205.46875,23.8,22.7104,2023-07-14,13:10
2023-07-1413:20:00,35.1,59.0,21131.66602,236.18164,23.9,22.71052,2023-07-14,13:20
2023-07-1413:30:00,34.9,59.0,24133.33203,272.70508,24.2,23.05066,2023-07-14,13:30
2023-07-1413:40:00,35.7,58.0,23215.83203,141.55273,23.9,22.53438,2023-07-14,13:40
2023-07-1413:50:00,35.0,58.0,14941.66602,246.97266,23.4,22.05037,2023-07-14,13:50
2023-07-1414:00:00,34.2,60.0,16179.16602,179.73633,24.4,22.42234,2023-07-14,14:00
2023-07-1414:10:00,34.6,60.0,12740.83301,360.69336,23.4,22.18234,2023-07-14,14:10
2023-07-1414:20:00,33.2,61.0,7694.99951,257.76367,26.0,22.06632,2023-07-14,14:20
2023-07-1414:30:00,33.4,63.0,9876.66602,289.30664,23.8,22.2024,2023-07-14,14:30
2023-07-1414:40:00,33.4,63.0,9007.5,252.7832,23.4,22.17436,2023-07-14,14:40
2023-07-1414:50:00,32.7,64.0,7809.1665,281.00586,27.1,22.18233,2023-07-14,14:50
2023-07-1415:00:00,33.0,63.0,7958.33301,270.21484,23.9,21.97035,2023-07-14,15:00
2023-07-1415:10:00,32.3,65.0,5861.6665,168.11523,23.3,21.72232,2023-07-14,15:10
2023-07-1415:20:00,32.4,64.0,7183.33301,175.58594,25.2,22.03439,2023-07-14,15:20
2023-07-1415:30:00,32.5,65.0,6076.6665,210.44922,13.5,21.73034,2023-07-14,15:30
2023-07-1415:40:00,31.8,65.0,3022.5,74.31641,22.6,20.72625,2023-07-14,15:40
2023-07-1415:50:00,31.8,67.0,3034.1665,117.48047,24.3,21.08628,2023-07-14,15:50
2023-07-1416:00:00,31.6,67.0,3950.83325,176.41602,23.0,21.16628,2023-07-14,16:00
2023-07-1416:10:00,31.5,68.0,3529.99976,241.99219,26.4,21.2143,2023-07-14,16:10
2023-07-1416:20:00,30.8,69.0,2038.33325,261.08398,23.5,20.49019,2023-07-14,16:20
2023-07-1416:30:00,30.2,69.0,1296.66663,183.05664,25.0,19.63815,2023-07-14,16:30
2023-07-1416:40:00,30.1,71.0,942.49994,228.71094,24.3,19.17411,2023-07-14,16:40
2023-07-1416:50:00,29.8,72.0,505.83331,116.65039,19.8,16.89391,2023-07-14,16:50
2023-07-1417:00:00,29.7,73.0,199.16666,193.84766,3.8,3.56871,2023-07-14,17:00
2023-07-1505:00:00,23.8,88.0,15.83333,284.32617,3.2,2.95634,2023-07-15,05:00
2023-07-1505:10:00,24.0,89.0,94.16666,370.6543,3.8,3.62471,2023-07-15,05:10
2023-07-1505:20:00,24.0,88.0,370.83331,100.87891,8.9,5.45685,2023-07-15,05:20
2023-07-1505:30:00,24.0,88.0,1007.49994,253.61328,22.9,21.4383,2023-07-15,05:30
2023-07-1505:40:00,24.2,86.0,1749.16663,171.43555,24.2,22.34235,2023-07-15,05:40
2023-07-1505:50:00,24.7,84.0,2587.5,285.15625,24.3,23.0744,2023-07-15,05:50
2023-07-1506:00:00,24.8,84.0,2777.5,339.94141,26.6,23.33443,2023-07-15,06:00
2023-07-1506:10:00,25.5,82.0,2755.0,272.70508,24.3,23.15844,2023-07-15,06:10
2023-07-1506:20:00,25.6,82.0,3452.49976,393.89648,24.5,23.40244,2023-07-15,06:20
2023-07-1506:30:00,25.8,81.0,4194.1665,231.20117,24.3,23.19042,2023-07-15,06:30
2023-07-1506:40:00,26.5,80.0,3598.33325,241.16211,24.5,23.41444,2023-07-15,06:40
2023-07-1506:50:00,26.8,76.0,4332.5,76.80664,24.3,23.42187,2023-07-15,06:50
2023-07-1507:00:00,27.4,76.0,6711.6665,260.25391,24.3,23.3424,2023-07-15,07:00
2023-07-1507:10:00,28.4,74.0,8620.0,360.69336,27.7,23.27045,2023-07-15,07:10
2023-07-1507:20:00,29.4,71.0,9903.33301,258.59375,24.6,23.05041,2023-07-15,07:20
2023-07-1507:30:00,30.8,67.0,11351.66602,180.56641,24.1,22.99844,2023-07-15,07:30
2023-07-1507:40:00,31.8,65.0,12974.99902,171.43555,24.1,23.23044,2023-07-15,07:40
2023-07-1507:50:00,34.0,62.0,14654.16602,334.96094,25.0,23.10634,2023-07-15,07:50
2023-07-1508:00:00,35.7,58.0,16264.99902,226.2207,25.8,22.74241,2023-07-15,08:00
2023-07-1508:10:00,37.4,58.0,18169.16602,249.46289,24.1,22.6624,2023-07-15,08:10
2023-07-1508:20:00,35.5,58.0,20060.0,442.04102,26.5,22.74641,2023-07-15,08:20
2023-07-1508:30:00,35.9,59.0,21748.33203,195.50781,24.6,22.75837,2023-07-15,08:30
2023-07-1508:40:00,36.3,57.0,22507.5,229.54102,24.0,22.81874,2023-07-15,08:40
2023-07-1508:50:00,36.1,57.0,23788.33203,193.01758,24.2,22.60239,2023-07-15,08:50
2023-07-1509:00:00,37.7,56.0,25534.99805,300.09766,23.7,22.5384,2023-07-15,09:00
2023-07-1509:10:00,36.2,56.0,27542.49805,509.27734,24.4,22.73437,2023-07-15,09:10
2023-07-1509:20:00,36.5,55.0,29261.66602,268.55469,24.0,22.5584,2023-07-15,09:20
2023-07-1509:30:00,36.9,55.0,30632.49805,167.28516,26.2,22.38237,2023-07-15,09:30
2023-07-1509:40:00,37.1,53.0,34015.83203,243.65234,23.7,22.51038,2023-07-15,09:40
2023-07-1509:50:00,37.4,54.0,37269.16406,245.3125,25.7,22.4784,2023-07-15,09:50
2023-07-1510:00:00,38.4,53.0,38906.66406,312.54883,23.6,22.67437,2023-07-15,10:00
2023-07-1510:10:00,38.5,53.0,39940.0,97.55859,26.9,22.54235,2023-07-15,10:10
2023-07-1510:20:00,37.9,52.0,40428.33203,392.23633,24.2,22.61038,2023-07-15,10:20
2023-07-1510:30:00,37.9,52.0,42054.16406,218.75,23.9,22.58639,2023-07-15,10:30
2023-07-1510:40:00,38.4,52.0,42366.66406,225.39062,23.2,22.4024,2023-07-15,10:40
2023-07-1510:50:00,38.8,52.0,42348.33203,259.42383,23.8,22.33443,2023-07-15,10:50
2023-07-1511:00:00,38.4,52.0,41912.5,123.29102,25.5,22.3944,2023-07-15,11:00
2023-07-1511:10:00,38.4,53.0,41940.0,338.28125,26.6,22.46639,2023-07-15,11:10
2023-07-1511:20:00,38.8,52.0,41614.16406,244.48242,23.5,22.42635,2023-07-15,11:20
2023-07-1511:30:00,38.1,53.0,39807.5,297.60742,24.8,22.69841,2023-07-15,11:30
2023-07-1511:40:00,37.6,54.0,39200.0,141.55273,28.7,22.6984,2023-07-15,11:40
2023-07-1511:50:00,36.5,53.0,37646.66406,242.82227,24.0,22.71441,2023-07-15,11:50
2023-07-1512:00:00,36.8,53.0,31714.99805,282.66602,23.4,22.46637,2023-07-15,12:00
2023-07-1512:10:00,37.4,54.0,35340.83203,234.52148,27.6,22.69877,2023-07-15,12:10
2023-07-1512:20:00,37.2,52.0,32861.66406,256.93359,24.1,22.5584,2023-07-15,12:20
2023-07-1512:30:00,36.9,54.0,34115.0,139.0625,24.7,22.78241,2023-07-15,12:30
2023-07-1512:40:00,36.8,54.0,33659.16406,343.26172,23.7,22.77405,2023-07-15,12:40
2023-07-1512:50:00,36.8,55.0,30952.49805,216.25977,27.7,22.72641,2023-07-15,12:50
2023-07-1513:00:00,36.8,54.0,29019.99805,459.47266,23.9,22.62239,2023-07-15,13:00
2023-07-1513:10:00,36.2,54.0,24686.66602,266.06445,23.9,22.60238,2023-07-15,13:10
2023-07-1513:20:00,36.3,54.0,28530.83203,224.56055,24.2,22.8784,2023-07-15,13:20
2023-07-1513:30:00,35.5,55.0,23458.33203,197.16797,27.4,22.8824,2023-07-15,13:30
2023-07-1513:40:00,35.1,55.0,17190.83203,215.42969,25.1,22.5464,2023-07-15,13:40
2023-07-1513:50:00,35.8,54.0,24201.66602,130.76172,27.2,22.65043,2023-07-15,13:50
2023-07-1514:00:00,35.1,55.0,21775.0,221.24023,23.9,22.73038,2023-07-15,14:00
2023-07-1514:10:00,34.6,56.0,19672.5,354.88281,24.8,22.68643,2023-07-15,14:10
2023-07-1514:20:00,35.3,56.0,19003.33203,213.76953,27.7,22.58238,2023-07-15,14:20
2023-07-1514:30:00,35.1,56.0,16853.33203,232.03125,23.6,22.47037,2023-07-15,14:30
2023-07-1514:40:00,34.8,56.0,14291.66602,216.25977,23.7,22.15438,2023-07-15,14:40
2023-07-1514:50:00,34.8,56.0,12624.16602,264.4043,27.4,22.13437,2023-07-15,14:50
2023-07-1515:00:00,34.1,60.0,12238.33301,77.63672,23.5,22.26237,2023-07-15,15:00
2023-07-1515:10:00,33.9,60.0,13078.33301,224.56055,23.5,22.22239,2023-07-15,15:10
2023-07-1515:20:00,33.0,63.0,7081.6665,298.4375,24.9,22.02232,2023-07-15,15:20
2023-07-1515:30:00,32.8,63.0,5887.5,258.59375,23.5,21.7343,2023-07-15,15:30
2023-07-1515:40:00,32.9,63.0,5480.0,261.08398,23.1,21.61029,2023-07-15,15:40
2023-07-1515:50:00,32.8,63.0,4719.1665,211.2793,23.1,21.32229,2023-07-15,15:50
2023-07-1516:00:00,32.4,63.0,3990.83325,338.28125,23.0,21.17828,2023-07-15,16:00
2023-07-1516:10:00,32.5,62.0,3323.33325,357.37305,22.9,20.93025,2023-07-15,16:10
2023-07-1516:20:00,32.0,64.0,2597.5,216.25977,22.1,20.69424,2023-07-15,16:20
2023-07-1516:30:00,32.0,66.0,1978.75,211.2793,22.2,20.41419,2023-07-15,16:30
2023-07-1516:40:00,31.2,66.0,1360.0,359.86328,21.5,19.78215,2023-07-15,16:40
2023-07-1516:50:00,30.8,67.0,680.0,256.93359,8.3,5.16128,2023-07-15,16:50
2023-07-1517:00:00,30.3,68.0,270.0,168.11523,4.6,3.75672,2023-07-15,17:00
2023-07-1605:00:00,23.8,89.0,20.83333,198.82812,3.3,2.96433,2023-07-16,05:00
2023-07-1605:10:00,23.8,88.0,110.83333,285.98633,3.9,3.59668,2023-07-16,05:10
2023-07-1605:20:00,23.8,88.0,416.66666,246.97266,8.9,5.71295,2023-07-16,05:20
2023-07-1605:30:00,24.0,88.0,1090.0,391.40625,24.8,21.85435,2023-07-16,05:30
2023-07-1605:40:00,24.1,86.0,1849.99988,230.37109,27.2,22.49439,2023-07-16,05:40
2023-07-1605:50:00,24.6,84.0,2630.83325,214.59961,24.4,23.02642,2023-07-16,05:50
2023-07-1606:00:00,24.9,84.0,2783.33325,156.49414,24.3,23.40244,2023-07-16,06:00
2023-07-1606:10:00,25.4,82.0,2756.6665,257.76367,24.4,23.27843,2023-07-16,06:10
2023-07-1606:20:00,25.8,82.0,3613.33325,202.14844,28.0,23.39044,2023-07-16,06:20
2023-07-1606:30:00,25.8,81.0,4130.83301,217.08984,24.2,23.28245,2023-07-16,06:30
2023-07-1606:40:00,26.3,78.0,4365.83301,61.03516,27.8,23.50644,2023-07-16,06:40
2023-07-1606:50:00,26.9,76.0,4544.1665,137.40234,24.4,23.25441,2023-07-16,06:50
2023-07-1607:00:00,27.6,76.0,7428.33301,290.9668,24.2,23.0864,2023-07-16,07:00
2023-07-1607:10:00,29.3,73.0,5367.5,324.16992,27.9,22.83462,2023-07-16,07:10
2023-07-1607:20:00,29.5,70.0,10035.83301,362.35352,24.2,22.88642,2023-07-16,07:20
2023-07-1607:30:00,30.9,67.0,11525.0,246.14258,28.0,23.0424,2023-07-16,07:30
2023-07-1607:40:00,32.2,65.0,13191.66602,259.42383,24.4,23.01044,2023-07-16,07:40
2023-07-1607:50:00,34.4,62.0,14704.99902,244.48242,24.0,22.8584,2023-07-16,07:50
2023-07-1608:00:00,35.8,58.0,16430.83203,354.05273,24.0,22.82639,2023-07-16,08:00
2023-07-1608:10:00,36.3,57.0,18377.5,105.85937,27.7,22.81037,2023-07-16,08:10
2023-07-1608:20:00,35.8,58.0,20399.16602,104.19922,25.8,22.94242,2023-07-16,08:20
2023-07-1608:30:00,35.9,58.0,22000.83203,163.13477,23.9,22.6864,2023-07-16,08:30
2023-07-1608:40:00,35.7,58.0,22659.16602,193.84766,24.1,22.61039,2023-07-16,08:40
2023-07-1608:50:00,36.5,57.0,23837.5,175.58594,23.8,22.61841,2023-07-16,08:50
2023-07-1609:00:00,37.3,55.0,26018.33203,275.19531,23.2,22.51837,2023-07-16,09:00
2023-07-1609:10:00,36.4,56.0,27684.99805,344.0918,27.8,22.72238,2023-07-16,09:10
2023-07-1609:20:00,36.5,56.0,29349.16602,253.61328,23.8,22.5504,2023-07-16,09:20
2023-07-1609:30:00,37.1,55.0,30762.49805,200.48828,27.6,22.43463,2023-07-16,09:30
2023-07-1609:40:00,37.1,54.0,33968.33203,261.08398,27.4,22.57873,2023-07-16,09:40
2023-07-1609:50:00,37.9,54.0,37706.66406,455.32227,23.7,22.45037,2023-07-16,09:50
2023-07-1610:00:00,37.9,53.0,39117.5,121.63086,24.3,22.59038,2023-07-16,10:00
2023-07-1610:10:00,38.7,52.0,39862.5,246.97266,23.8,22.48641,2023-07-16,10:10
2023-07-1610:20:00,37.5,53.0,40073.33203,417.96875,25.2,22.58974,2023-07-16,10:20
2023-07-1610:30:00,38.5,52.0,41740.0,254.44336,23.9,22.54639,2023-07-16,10:30
2023-07-1610:40:00,38.4,52.0,42366.66406,364.84375,23.2,22.4024,2023-07-16,10:40
2023-07-1610:50:00,39.1,52.0,42200.0,448.68164,27.0,22.41835,2023-07-16,10:50
2023-07-1611:00:00,38.4,52.0,42089.16406,232.03125,27.5,22.48639,2023-07-16,11:00
2023-07-1611:10:00,38.5,53.0,41868.33203,174.75586,24.0,22.61838,2023-07-16,11:10
2023-07-1611:20:00,38.4,52.0,41299.16406,349.07227,24.1,22.3104,2023-07-16,11:20
2023-07-1611:30:00,38.1,54.0,39810.0,232.03125,23.8,22.44639,2023-07-16,11:30
2023-07-1611:40:00,37.9,54.0,32953.33203,277.68555,27.3,22.84666,2023-07-16,11:40
2023-07-1611:50:00,36.5,53.0,37224.16406,375.63477,23.9,22.84259,2023-07-16,11:50
2023-07-1612:00:00,37.2,53.0,31167.49805,383.93555,23.8,22.55436,2023-07-16,12:00
2023-07-1612:10:00,37.6,52.0,35776.66406,315.86914,23.8,22.76642,2023-07-16,12:10
2023-07-1612:20:00,36.4,53.0,32026.66602,403.85742,26.7,22.64241,2023-07-16,12:20
2023-07-1612:30:00,36.7,55.0,38506.66406,497.65625,19.8,22.61795,2023-07-16,12:30
2023-07-1612:40:00,36.7,54.0,33507.5,220.41016,27.6,22.81052,2023-07-16,12:40
2023-07-1612:50:00,37.0,54.0,30414.16602,415.47852,24.5,22.77042,2023-07-16,12:50
2023-07-1613:00:00,36.6,54.0,29792.49805,284.32617,26.1,22.89442,2023-07-16,13:00
2023-07-1613:10:00,35.0,57.0,27304.16602,149.85352,24.8,22.94249,2023-07-16,13:10
2023-07-1613:20:00,34.8,57.0,29326.66602,228.71094,24.7,23.03046,2023-07-16,13:20
2023-07-1613:30:00,35.5,55.0,24355.83203,269.38477,27.5,23.01442,2023-07-16,13:30
2023-07-1613:40:00,34.7,56.0,19475.83203,163.13477,24.2,22.93449,2023-07-16,13:40
2023-07-1613:50:00,36.0,54.0,14950.83301,318.35937,23.7,22.15034,2023-07-16,13:50
2023-07-1614:00:00,35.3,55.0,22073.33203,28.66211,24.0,22.74639,2023-07-16,14:00
2023-07-1614:10:00,35.0,56.0,19947.5,7.91016,23.9,22.66639,2023-07-16,14:10
2023-07-1614:20:00,35.5,56.0,18660.0,285.15625,22.4,22.83837,2023-07-16,14:20
2023-07-1614:30:00,34.9,55.0,16637.5,194.67773,25.1,22.26239,2023-07-16,14:30
2023-07-1614:40:00,34.6,56.0,13926.66602,228.71094,23.3,22.25035,2023-07-16,14:40
2023-07-1614:50:00,34.9,56.0,12053.33301,295.94727,24.0,22.18635,2023-07-16,14:50
2023-07-1615:00:00,34.4,57.0,10209.16602,152.34375,23.0,22.01831,2023-07-16,15:00
2023-07-1615:10:00,33.6,61.0,7949.1665,167.28516,26.8,22.14632,2023-07-16,15:10
2023-07-1615:20:00,32.8,62.0,6844.1665,316.69922,25.3,21.8823,2023-07-16,15:20
2023-07-1615:30:00,32.6,63.0,5895.83301,186.37695,23.4,21.75829,2023-07-16,15:30
2023-07-1615:40:00,32.7,63.0,5411.6665,289.30664,23.1,21.60228,2023-07-16,15:40
2023-07-1615:50:00,32.7,63.0,6329.99951,207.12891,23.3,21.59427,2023-07-16,15:50
2023-07-1616:00:00,32.3,63.0,3919.99976,265.23437,22.6,21.19025,2023-07-16,16:00
2023-07-1616:10:00,32.5,62.0,3234.99976,256.10352,22.2,20.97425,2023-07-16,16:10
2023-07-1616:20:00,32.1,64.0,2531.6665,303.41797,22.3,20.76223,2023-07-16,16:20
2023-07-1616:30:00,32.0,65.0,1911.249875,285.15625,21.7,20.1622,2023-07-16,16:30
2023-07-1616:40:00,31.7,66.0,1290.83325,398.87695,21.4,19.69414,2023-07-16,16:40
2023-07-1616:50:00,30.6,67.0,612.5,359.0332,19.7,5.58489,2023-07-16,16:50
2023-07-1617:00:00,30.8,63.0,187.5,197.99805,3.8,3.48036,2023-07-16,17:00
2023-07-1705:00:00,22.0,81.0,25.83333,232.86133,2.3,2.88825,2023-07-17,05:00
2023-07-1705:10:00,21.9,82.0,155.83333,246.14258,3.8,3.55636,2023-07-17,05:10
2023-07-1705:20:00,22.1,83.0,395.83331,230.37109,4.4,4.46446,2023-07-17,05:20
2023-07-1705:30:00,21.7,83.0,818.33331,314.20898,19.2,20.15416,2023-07-17,05:30
2023-07-1705:40:00,21.6,84.0,1295.0,316.69922,20.5,21.11016,2023-07-17,05:40
2023-07-1705:50:00,22.4,82.0,1707.49988,152.34375,22.2,21.568,2023-07-17,05:50
2023-07-1706:00:00,23.0,80.0,1969.99988,193.01758,22.3,21.95482,2023-07-17,06:00
2023-07-1706:10:00,23.6,79.0,2244.1665,323.33984,21.4,22.11339,2023-07-17,06:10
2023-07-1706:20:00,23.9,77.0,2714.1665,119.14062,19.9,22.28447,2023-07-17,06:20
2023-07-1706:30:00,23.9,76.0,3813.33325,232.03125,20.3,22.3599,2023-07-17,06:30
2023-07-1706:40:00,24.5,76.0,4245.0,153.17383,20.2,22.48745,2023-07-17,06:40
2023-07-1706:50:00,25.0,74.0,4558.33301,220.41016,20.3,22.59909,2023-07-17,06:50
2023-07-1707:00:00,25.6,73.0,7774.99951,259.42383,20.4,22.71108,2023-07-17,07:00
2023-07-1707:10:00,26.1,73.0,9065.0,264.4043,24.0,22.65035,2023-07-17,07:10
2023-07-1707:20:00,27.3,69.0,10399.16602,149.85352,23.8,22.65437,2023-07-17,07:20
2023-07-1707:30:00,29.0,67.0,12032.5,287.64648,23.5,22.72633,2023-07-17,07:30
2023-07-1707:40:00,30.4,62.0,13798.33301,105.0293,23.3,22.67837,2023-07-17,07:40
2023-07-1707:50:00,30.9,60.0,15344.99902,193.84766,23.5,22.73435,2023-07-17,07:50
2023-07-1708:00:00,32.1,58.0,16679.16602,296.77734,23.7,22.73838,2023-07-17,08:00
2023-07-1708:10:00,31.8,57.0,18130.0,246.14258,23.8,22.85439,2023-07-17,08:10
2023-07-1708:20:00,31.9,57.0,20610.83203,247.80273,23.9,22.7424,2023-07-17,08:20
2023-07-1708:30:00,33.2,56.0,19239.16602,176.41602,24.1,22.85043,2023-07-17,08:30
2023-07-1708:40:00,32.8,56.0,25721.66602,303.41797,24.1,22.69442,2023-07-17,08:40
2023-07-1708:50:00,33.0,57.0,26301.66602,364.01367,24.0,22.6304,2023-07-17,08:50
2023-07-1709:00:00,35.0,53.0,27910.83203,349.90234,24.2,22.67842,2023-07-17,09:00
2023-07-1709:10:00,37.0,52.0,30320.83203,312.54883,24.0,22.60639,2023-07-17,09:10
2023-07-1709:20:00,37.2,51.0,16171.66602,247.80273,24.0,22.76644,2023-07-17,09:20
2023-07-1709:30:00,34.6,53.0,27039.99805,210.44922,24.0,22.69843,2023-07-17,09:30
2023-07-1709:40:00,35.6,52.0,28259.99805,211.2793,24.2,22.91043,2023-07-17,09:40
2023-07-1709:50:00,35.1,54.0,46456.66406,233.69141,24.2,22.8304,2023-07-17,09:50
2023-07-1710:00:00,36.8,51.0,48340.0,300.09766,24.1,22.52242,2023-07-17,10:00
2023-07-1710:10:00,35.1,52.0,52170.83203,209.61914,23.8,22.4824,2023-07-17,10:10
2023-07-1710:20:00,35.0,53.0,53985.83203,218.75,23.8,22.49039,2023-07-17,10:20
2023-07-1710:30:00,35.5,55.0,54612.49609,298.4375,23.2,21.88634,2023-07-17,10:30
2023-07-1710:40:00,35.4,55.0,19013.33203,205.46875,23.7,22.49841,2023-07-17,10:40
2023-07-1710:50:00,35.3,55.0,27619.72135333333,285.15625,24.0,22.4904,2023-07-17,10:50
2023-07-1711:00:00,35.5,55.0,36226.11067666666,216.25977,24.0,22.5544,2023-07-17,11:00
2023-07-1711:10:00,35.7,54.0,44832.5,194.67773,24.0,22.4864,2023-07-17,11:10
2023-07-1711:20:00,36.6,54.0,26352.49805,173.92578,24.0,22.39038,2023-07-17,11:20
2023-07-1711:30:00,36.6,52.0,54612.49609,228.71094,24.2,22.4904,2023-07-17,11:30
2023-07-1711:40:00,36.7,52.0,53925.55208,242.82227,23.5,22.49438,2023-07-17,11:40
2023-07-1711:50:00,36.9,53.0,53238.60807,334.96094,23.8,22.62243,2023-07-17,11:50
2023-07-1712:00:00,36.4,52.0,52551.66406,438.7207,24.1,22.6184,2023-07-17,12:00
2023-07-1712:10:00,36.2,53.0,49032.5,70.16602,24.0,22.65841,2023-07-17,12:10
2023-07-1712:20:00,36.1,54.0,47430.27775083333,182.22656,24.0,22.56241,2023-07-17,12:20
2023-07-1712:30:00,35.9,55.0,45828.05550166667,90.91797,24.0,22.63441,2023-07-17,12:30
2023-07-1712:40:00,27.5,54.0,44225.8332525,76.80664,23.6,22.56238,2023-07-17,12:40
2023-07-1712:50:00,36.3,53.0,41822.49987875,133.25195,24.1,22.67443,2023-07-17,12:50
2023-07-1713:00:00,36.1,51.0,39419.166505,187.20703,23.5,22.24635,2023-07-17,13:00
2023-07-1713:10:00,35.4,52.0,34612.4997575,285.15625,23.4,22.65838,2023-07-17,13:10
2023-07-1713:20:00,36.6,51.0,32209.16638375,240.33203,24.7,23.03046,2023-07-17,13:20
2023-07-1713:30:00,35.9,51.0,29805.83301,314.20898,24.3,22.75046,2023-07-17,13:30
2023-07-1713:40:00,34.1,56.0,24999.166262500003,183.05664,24.3,22.33038,2023-07-17,13:40
2023-07-1713:50:00,36.7,56.0,20192.499515000003,129.93164,24.9,23.07047,2023-07-17,13:50
2023-07-1714:00:00,34.5,56.0,15385.832767500004,218.75,24.5,22.79845,2023-07-17,14:00
2023-07-1714:10:00,34.0,58.0,10579.16602,171.43555,24.4,22.69843,2023-07-17,14:10
2023-07-1714:20:00,33.0,59.0,13848.33301,299.26758,24.2,22.53842,2023-07-17,14:20
2023-07-1714:30:00,34.3,59.0,22968.33203,441.21094,24.3,22.69846,2023-07-17,14:30
2023-07-1714:40:00,34.0,59.0,20388.33203,471.09375,23.7,22.10635,2023-07-17,14:40
2023-07-1714:50:00,33.4,59.0,16973.33203,166.45508,23.4,22.20236,2023-07-17,14:50
2023-07-1715:00:00,33.8,59.0,17864.16602,201.31836,23.3,22.03434,2023-07-17,15:00
2023-07-1715:10:00,33.6,59.0,12222.5,311.71875,23.5,22.09032,2023-07-17,15:10
2023-07-1715:20:00,33.3,60.0,10984.16602,232.86133,22.9,21.95432,2023-07-17,15:20
2023-07-1715:30:00,32.9,59.0,9048.33301,131.5918,22.9,21.77029,2023-07-17,15:30
2023-07-1715:40:00,32.05555555555556,61.77777777777778,6261.6665,178.90625,22.4,21.29025,2023-07-17,15:40
2023-07-1715:50:00,31.21111111111111,64.55555555555556,4546.6665,191.35742,22.2,20.71417,2023-07-17,15:50
2023-07-1716:00:00,30.366666666666667,67.33333333333333,4062.49976,207.95898,21.9,20.55019,2023-07-17,16:00
2023-07-1716:10:00,29.522222222222226,70.11111111111111,2930.0,108.34961,21.4,20.11013,2023-07-17,16:10
2023-07-1716:20:00,28.677777777777777,72.88888888888889,3269.1665,114.16016,16.7,18.554,2023-07-17,16:20
2023-07-1716:30:00,27.83333333333333,75.66666666666666,1989.99988,374.80469,20.6,19.11006,2023-07-17,16:30
2023-07-1716:40:00,26.988888888888887,78.44444444444444,1434.16663,276.85547,19.1,17.57391,2023-07-17,16:40
2023-07-1716:50:00,26.14444444444445,81.22222222222223,608.33331,212.93945,4.1,3.89641,2023-07-17,16:50
2023-07-1717:00:00,25.722222222222225,82.61111111111111,224.16666,130.76172,3.9,3.50037,2023-07-17,17:00
2023-07-1805:00:00,25.3,84.0,17.5,201.31836,2.3,2.88825,2023-07-18,05:00
2023-07-1805:10:00,25.4,86.0,108.33333,359.0332,3.8,3.55636,2023-07-18,05:10
2023-07-1805:20:00,24.6,88.0,335.0,296.77734,4.4,4.46446,2023-07-18,05:20
2023-07-1805:30:00,25.3,88.0,841.66663,232.03125,19.2,20.15416,2023-07-18,05:30
2023-07-1805:40:00,24.8,88.0,1490.83325,178.90625,20.5,21.11016,2023-07-18,05:40
2023-07-1805:50:00,25.2,87.0,2220.0,343.26172,22.2,21.568,2023-07-18,05:50
2023-07-1806:00:00,25.7,82.0,3193.33325,273.53516,22.3,21.95482,2023-07-18,06:00
2023-07-1806:10:00,26.1,83.0,4172.5,231.20117,21.4,22.11339,2023-07-18,06:10
2023-07-1806:20:00,25.9,82.0,5082.5,233.69141,19.9,22.28447,2023-07-18,06:20
2023-07-1806:30:00,26.8,80.0,6004.1665,134.91211,20.3,22.3599,2023-07-18,06:30
2023-07-1806:40:00,27.5,78.0,7031.6665,241.99219,20.2,22.48745,2023-07-18,06:40
2023-07-1806:50:00,27.5,76.0,8139.99951,323.33984,20.3,22.59909,2023-07-18,06:50
2023-07-1807:00:00,28.0,75.0,9813.33301,317.5293,20.4,22.71108,2023-07-18,07:00
2023-07-1807:10:00,28.8,71.0,10920.83301,345.75195,24.0,22.65035,2023-07-18,07:10
2023-07-1807:20:00,29.6,72.0,11946.66602,221.24023,23.8,22.65437,2023-07-18,07:20
2023-07-1807:30:00,29.8,72.0,13413.33301,207.95898,23.5,22.72633,2023-07-18,07:30
2023-07-1807:40:00,30.6,71.0,14424.99902,332.4707,23.3,22.67837,2023-07-18,07:40
2023-07-1807:50:00,31.0,68.0,15924.99902,315.86914,23.5,22.73435,2023-07-18,07:50
2023-07-1808:00:00,31.2,65.0,17079.16602,358.20312,23.7,22.73838,2023-07-18,08:00
2023-07-1808:10:00,31.5,68.0,19230.83203,171.43555,23.8,22.85439,2023-07-18,08:10
2023-07-1808:20:00,32.4,64.0,20305.83203,307.56836,23.9,22.7424,2023-07-18,08:20
2023-07-1808:30:00,32.4,66.0,22100.83203,232.03125,24.1,22.85043,2023-07-18,08:30
2023-07-1808:40:00,33.9,62.0,24617.49805,166.45508,24.1,22.69442,2023-07-18,08:40
2023-07-1808:50:00,34.4,59.0,24352.5,180.56641,24.0,22.6304,2023-07-18,08:50
2023-07-1809:00:00,35.3,60.0,23717.5,237.8418,24.2,22.67842,2023-07-18,09:00
2023-07-1809:10:00,35.0,59.0,23414.16602,414.64844,24.0,22.60639,2023-07-18,09:10
2023-07-1809:20:00,34.6,59.0,27849.99805,246.97266,24.0,22.76644,2023-07-18,09:20
2023-07-1809:30:00,34.6,60.0,27192.49805,210.44922,24.0,22.69843,2023-07-18,09:30
2023-07-1809:40:00,36.5,58.0,44370.83203,285.15625,24.2,22.91043,2023-07-18,09:40
2023-07-1809:50:00,36.0,57.0,42157.5,362.35352,24.2,22.8304,2023-07-18,09:50
2023-07-1810:00:00,37.1,56.0,43158.33203,370.6543,24.1,22.52242,2023-07-18,10:00
2023-07-1810:10:00,37.1,56.0,48297.5,360.69336,23.8,22.4824,2023-07-18,10:10
2023-07-1810:20:00,36.7,56.0,44235.83203,336.62109,23.8,22.49039,2023-07-18,10:20
2023-07-1810:30:00,37.5,55.0,33145.83203,203.80859,23.2,21.88634,2023-07-18,10:30
2023-07-1810:40:00,37.1,55.0,50450.83203,442.04102,23.7,22.49841,2023-07-18,10:40
2023-07-1810:50:00,37.2,55.0,54612.49609,205.46875,24.0,22.4904,2023-07-18,10:50
2023-07-1811:00:00,37.3,55.0,54612.49609,378.125,24.0,22.5544,2023-07-18,11:00
2023-07-1811:10:00,36.5,55.0,54612.49609,103.36914,24.0,22.4864,2023-07-18,11:10
2023-07-1811:20:00,37.7,54.0,54007.49609,207.95898,24.0,22.39038,2023-07-18,11:20
2023-07-1811:30:00,37.0,55.0,52651.66406,229.54102,24.2,22.4904,2023-07-18,11:30
2023-07-1811:40:00,36.5,55.0,50204.16406,300.09766,23.5,22.49438,2023-07-18,11:40
2023-07-1811:50:00,36.4,55.0,48090.83203,268.55469,23.8,22.62243,2023-07-18,11:50
2023-07-1812:00:00,36.5,55.0,44653.33203,262.74414,24.1,22.6184,2023-07-18,12:00
2023-07-1812:10:00,36.4,55.0,42656.66406,251.12305,24.0,22.65841,2023-07-18,12:10
2023-07-1812:20:00,37.2,55.0,40795.0,311.71875,24.0,22.56241,2023-07-18,12:20
2023-07-1812:30:00,37.1,55.0,40992.5,232.86133,24.0,22.63441,2023-07-18,12:30
2023-07-1812:40:00,38.2,55.0,41959.16406,383.10547,23.6,22.56238,2023-07-18,12:40
2023-07-1812:50:00,36.5,54.0,42772.5,287.64648,24.1,22.67443,2023-07-18,12:50
2023-07-1813:00:00,36.0,55.0,24724.99805,271.875,23.5,22.24635,2023-07-18,13:00
2023-07-1813:10:00,34.1,57.0,20595.0,351.5625,23.4,22.65838,2023-07-18,13:10
2023-07-1813:20:00,34.8,57.0,29326.66602,333.30078,24.7,23.03046,2023-07-18,13:20
2023-07-1813:30:00,34.6,56.0,25518.33203,366.50391,24.3,22.75046,2023-07-18,13:30
2023-07-1813:40:00,34.7,57.0,15565.83301,277.68555,24.3,22.33038,2023-07-18,13:40
2023-07-1813:50:00,35.9,55.0,30046.66602,354.05273,24.9,23.07047,2023-07-18,13:50
2023-07-1814:00:00,36.3,55.0,33425.0,202.97852,24.5,22.79845,2023-07-18,14:00
2023-07-1814:10:00,36.8,54.0,33279.16406,294.28711,24.4,22.69843,2023-07-18,14:10
2023-07-1814:20:00,36.1,54.0,24285.0,258.59375,24.2,22.53842,2023-07-18,14:20
2023-07-1814:30:00,36.0,55.0,26279.99805,432.91016,24.3,22.69846,2023-07-18,14:30
2023-07-1814:40:00,34.8,56.0,10834.16602,233.69141,23.7,22.10635,2023-07-18,14:40
2023-07-1814:50:00,34.6,56.0,11843.33301,334.13086,23.4,22.20236,2023-07-18,14:50
2023-07-1815:00:00,34.4,57.0,10431.66602,418.79883,23.3,22.03434,2023-07-18,15:00
2023-07-1815:10:00,35.1,58.0,10748.33301,449.51172,23.5,22.09032,2023-07-18,15:10
2023-07-1815:20:00,34.5,58.0,9098.33301,311.71875,22.9,21.95432,2023-07-18,15:20
2023-07-1815:30:00,34.5,58.0,7292.49951,315.86914,22.9,21.77029,2023-07-18,15:30
2023-07-1815:40:00,33.8,60.0,4773.33301,390.57617,22.4,21.29025,2023-07-18,15:40
2023-07-1815:50:00,33.4,60.0,2834.1665,391.40625,22.2,20.71417,2023-07-18,15:50
2023-07-1816:00:00,32.8,59.0,2401.6665,57.71484,21.9,20.55019,2023-07-18,16:00
2023-07-1816:10:00,32.5,60.0,1794.16663,207.12891,21.4,20.11013,2023-07-18,16:10
2023-07-1816:20:00,32.0,60.0,723.33331,313.37891,16.7,18.554,2023-07-18,16:20
2023-07-1816:30:00,31.6,60.0,901.66663,322.50977,20.6,19.11006,2023-07-18,16:30
2023-07-1816:40:00,31.9,62.0,539.16663,233.69141,19.1,17.57391,2023-07-18,16:40
2023-07-1816:50:00,31.4,62.0,334.16666,312.54883,4.1,3.89641,2023-07-18,16:50
2023-07-1817:00:00,30.8,63.0,203.33333,251.95312,3.9,3.50037,2023-07-18,17:00
2023-07-1905:00:00,24.4,86.0,21.66667,229.54102,2.5,2.90025,2023-07-19,05:00
2023-07-1905:10:00,24.3,85.0,130.0,370.6543,3.6,3.57635,2023-07-19,05:10
2023-07-1905:20:00,24.3,84.0,361.66666,364.84375,17.8,17.06175,2023-07-19,05:20
2023-07-1905:30:00,25.2,83.0,690.83331,151.51367,19.2,19.04192,2023-07-19,05:30
2023-07-1905:40:00,24.9,84.0,1186.66663,356.54297,7.7,20.61404,2023-07-19,05:40
2023-07-1905:50:00,25.7,81.0,1744.16663,224.56055,22.1,22.7582,2023-07-19,05:50
2023-07-1906:00:00,25.5,81.0,2146.6665,197.99805,22.3,22.93821,2023-07-19,06:00
2023-07-1906:10:00,26.2,79.0,2505.0,207.12891,21.5,22.95012,2023-07-19,06:10
2023-07-1906:20:00,26.1,79.0,3003.33325,288.47656,20.0,23.06198,2023-07-19,06:20
2023-07-1906:30:00,26.6,78.0,4420.83301,199.6582,20.7,22.96207,2023-07-19,06:30
2023-07-1906:40:00,27.3,76.0,4084.1665,312.54883,20.5,21.6699,2023-07-19,06:40
2023-07-1906:50:00,28.1,74.0,5565.83301,246.14258,20.7,23.12606,2023-07-19,06:50
2023-07-1907:00:00,29.1,73.0,8057.49951,237.01172,20.5,23.05005,2023-07-19,07:00
2023-07-1907:10:00,28.9,70.0,8789.16602,315.86914,20.5,23.12606,2023-07-19,07:10
2023-07-1907:20:00,30.2,70.0,10620.83301,255.27344,20.8,23.15806,2023-07-19,07:20
2023-07-1907:30:00,30.7,67.0,11670.83301,520.89844,21.1,23.2581,2023-07-19,07:30
2023-07-1907:40:00,31.0,68.0,13484.16602,272.70508,20.8,23.15408,2023-07-19,07:40
2023-07-1907:50:00,32.7,65.0,14954.16602,206.29883,20.4,23.01409,2023-07-19,07:50
2023-07-1908:00:00,33.8,63.0,16735.0,165.625,20.5,22.93405,2023-07-19,08:00
2023-07-1908:10:00,35.0,59.0,18566.66602,383.93555,20.4,22.75004,2023-07-19,08:10
2023-07-1908:20:00,35.3,58.0,20195.83203,232.03125,20.3,22.61803,2023-07-19,08:20
2023-07-1908:30:00,36.9,56.0,21855.83203,247.80273,20.5,22.46199,2023-07-19,08:30
2023-07-1908:40:00,38.2,55.0,23939.16602,256.93359,20.5,22.52603,2023-07-19,08:40
2023-07-1908:50:00,40.2,51.0,25629.99805,217.08984,19.9,22.49803,2023-07-19,08:50
2023-07-1909:00:00,36.9,55.0,27476.66602,314.20898,20.3,22.56604,2023-07-19,09:00
2023-07-1909:10:00,36.3,55.0,28968.33203,391.40625,20.6,22.66605,2023-07-19,09:10
2023-07-1909:20:00,36.4,55.0,30724.99805,330.81055,20.1,22.63403,2023-07-19,09:20
2023-07-1909:30:00,37.6,55.0,32511.66602,286.81641,20.3,22.49405,2023-07-19,09:30
2023-07-1909:40:00,35.9,55.0,34576.66406,217.08984,20.2,22.62603,2023-07-19,09:40
2023-07-1909:50:00,36.5,55.0,37706.66406,392.23633,20.5,22.59006,2023-07-19,09:50
2023-07-1910:00:00,37.4,55.0,41192.5,155.66406,20.0,22.39802,2023-07-19,10:00
2023-07-1910:10:00,38.8,54.0,45042.5,335.79102,20.4,22.39002,2023-07-19,10:10
2023-07-1910:20:00,38.2,54.0,48210.0,267.72461,19.9,22.37402,2023-07-19,10:20
2023-07-1910:30:00,38.3,54.0,52854.99609,205.46875,20.3,22.36202,2023-07-19,10:30
2023-07-1910:40:00,38.0,55.0,54612.49609,307.56836,20.3,22.38602,2023-07-19,10:40
2023-07-1910:50:00,37.8,55.0,54612.49609,240.33203,20.1,22.59406,2023-07-19,10:50
2023-07-1911:00:00,38.4,54.0,54612.49609,247.80273,20.2,22.43002,2023-07-19,11:00
2023-07-1911:10:00,34.8,57.0,8416.66602,183.88672,18.9,21.36189,2023-07-19,11:10
2023-07-1911:20:00,35.9,56.0,54612.49609,236.18164,20.3,23.17404,2023-07-19,11:20
2023-07-1911:30:00,37.0,55.0,53144.99609,237.8418,19.8,22.61795,2023-07-19,11:30
2023-07-1911:40:00,35.9,55.0,51655.83203,356.54297,20.0,22.86599,2023-07-19,11:40
2023-07-1911:50:00,36.6,55.0,50216.66406,245.3125,19.8,22.58597,2023-07-19,11:50
2023-07-1912:00:00,37.5,54.0,47516.66406,125.78125,19.6,22.48195,2023-07-19,12:00
2023-07-1912:10:00,35.2,56.0,41485.83203,262.74414,20.3,22.99404,2023-07-19,12:10
2023-07-1912:20:00,37.0,55.0,40315.83203,285.98633,20.2,22.73001,2023-07-19,12:20
2023-07-1912:30:00,37.0,55.0,38505.83203,206.29883,19.9,22.64599,2023-07-19,12:30
2023-07-1912:40:00,36.9,55.0,36500.0,315.86914,20.0,22.66198,2023-07-19,12:40
2023-07-1912:50:00,36.9,55.0,34885.83203,217.08984,19.9,22.618,2023-07-19,12:50
2023-07-1913:00:00,36.8,55.0,33437.5,224.56055,19.8,22.58997,2023-07-19,13:00
2023-07-1913:10:00,36.71111111111111,55.11111111111112,31596.29622444445,220.41016,19.922222222222224,22.54820777777778,2023-07-19,13:10
2023-07-1913:20:00,36.62222222222222,55.22222222222222,29755.09244888889,268.55469,20.044444444444444,22.50644555555556,2023-07-19,13:20
2023-07-1913:30:00,36.53333333333333,55.333333333333336,27913.88867333333,428.75977,20.166666666666668,22.464683333333333,2023-07-19,13:30
2023-07-1913:40:00,36.44444444444444,55.44444444444444,26072.684897777777,183.88672,20.288888888888888,22.422921111111112,2023-07-19,13:40
2023-07-1913:50:00,36.355555555555554,55.55555555555556,24231.481122222223,264.4043,20.41111111111111,22.38115888888889,2023-07-19,13:50
2023-07-1914:00:00,36.266666666666666,55.66666666666666,22390.27734666667,150.68359,20.53333333333333,22.33939666666667,2023-07-19,14:00
2023-07-1914:10:00,36.17777777777778,55.77777777777778,20549.073571111112,300.92773,20.655555555555555,22.297634444444444,2023-07-19,14:10
2023-07-1914:20:00,36.08888888888889,55.888888888888886,18707.869795555554,428.75977,20.77777777777777,22.255872222222223,2023-07-19,14:20
2023-07-1914:30:00,36.0,56.0,16866.66602,347.41211,20.9,22.21411,2023-07-19,14:30
2023-07-1914:40:00,34.8,57.0,15215.83301,218.75,21.0,22.11011,2023-07-19,14:40
2023-07-1914:50:00,35.6,57.0,13876.66602,363.18359,20.5,21.94207,2023-07-19,14:50
2023-07-1915:00:00,35.7,56.0,12453.33301,306.73828,20.8,21.76608,2023-07-19,15:00
2023-07-1915:10:00,34.6,58.0,11033.33301,245.3125,20.5,21.53406,2023-07-19,15:10
2023-07-1915:20:00,35.0,58.0,9815.0,349.07227,20.3,21.24603,2023-07-19,15:20
2023-07-1915:30:00,34.8,59.0,8853.33301,129.10156,20.2,21.01402,2023-07-19,15:30
2023-07-1915:40:00,34.8,59.0,7559.1665,224.56055,19.5,20.77797,2023-07-19,15:40
2023-07-1915:50:00,34.0,59.0,6403.33301,352.39258,19.8,20.71797,2023-07-19,15:50
2023-07-1916:00:00,33.8,59.0,3194.99976,232.86133,20.0,20.64597,2023-07-19,16:00
2023-07-1916:10:00,33.9,59.0,2790.0,422.94922,19.7,20.52999,2023-07-19,16:10
2023-07-1916:20:00,32.8,59.0,2412.5,261.08398,19.7,20.32996,2023-07-19,16:20
2023-07-1916:30:00,33.1,60.0,1859.99988,293.45703,19.2,19.94592,2023-07-19,16:30
2023-07-1916:40:00,33.0,60.0,1331.66663,345.75195,18.4,19.34987,2023-07-19,16:40
2023-07-1916:50:00,32.6,61.0,767.5,354.05273,17.7,18.10978,2023-07-19,16:50
2023-07-1917:00:00,32.0,62.0,315.0,271.875,3.4,3.59634,2023-07-19,17:00
2023-07-2005:00:00,24.5,84.0,24.16667,258.59375,2.7,2.94424,2023-07-20,05:00
2023-07-2005:10:00,24.0,84.0,149.16666,159.81445,3.3,3.62038,2023-07-20,05:10
2023-07-2005:20:00,24.2,84.0,462.49997,373.97461,18.1,18.57382,2023-07-20,05:20
2023-07-2005:30:00,24.2,84.0,1069.16663,297.60742,20.4,21.48604,2023-07-20,05:30
2023-07-2005:40:00,24.7,84.0,1631.66663,300.92773,21.0,22.31009,2023-07-20,05:40
2023-07-2005:50:00,24.2,84.0,1812.49988,393.06641,21.0,22.77011,2023-07-20,05:50
2023-07-2006:00:00,25.6,83.0,2194.1665,158.1543,21.1,23.04616,2023-07-20,06:00
2023-07-2006:10:00,25.2,81.0,2544.1665,237.01172,21.8,23.15017,2023-07-20,06:10
2023-07-2006:20:00,25.5,78.0,2877.5,260.25391,21.7,23.11817,2023-07-20,06:20
2023-07-2006:30:00,25.7,79.0,4299.1665,310.88867,21.7,23.06218,2023-07-20,06:30
2023-07-2006:40:00,27.0,78.0,3433.33325,392.23633,21.5,23.13015,2023-07-20,06:40
2023-07-2006:50:00,27.8,76.0,5304.1665,248.63281,21.4,23.09816,2023-07-20,06:50
2023-07-2007:00:00,27.7,76.0,7699.99951,288.47656,21.7,23.11414,2023-07-20,07:00
2023-07-2007:10:00,28.3,73.0,9183.33301,338.28125,21.4,23.08217,2023-07-20,07:10
2023-07-2007:20:00,28.9,68.0,10532.5,256.10352,21.5,23.02217,2023-07-20,07:20
2023-07-2007:30:00,31.3,65.0,11983.33301,384.76562,21.5,22.87015,2023-07-20,07:30
2023-07-2007:40:00,33.2,62.0,13663.33301,216.25977,21.4,22.83014,2023-07-20,07:40
2023-07-2007:50:00,33.2,62.0,15144.99902,236.18164,21.2,22.86616,2023-07-20,07:50
2023-07-2008:00:00,33.7,59.0,16812.5,298.4375,21.6,22.84616,2023-07-20,08:00
2023-07-2008:10:00,34.3,60.0,18370.0,554.93164,21.5,22.85413,2023-07-20,08:10
2023-07-2008:20:00,34.5,58.0,20285.83203,205.46875,21.3,22.80616,2023-07-20,08:20
2023-07-2008:30:00,35.1,56.0,22010.0,213.76953,21.7,22.70618,2023-07-20,08:30
2023-07-2008:40:00,37.0,55.0,23960.0,314.20898,21.5,22.60617,2023-07-20,08:40
2023-07-2008:50:00,38.0,53.0,25538.33203,261.91406,21.8,22.65821,2023-07-20,08:50
2023-07-2009:00:00,35.6,55.0,27138.33203,310.88867,21.8,22.63419,2023-07-20,09:00
2023-07-2009:10:00,37.1,54.0,29121.66602,207.95898,22.0,22.58618,2023-07-20,09:10
2023-07-2009:20:00,37.5,53.0,30331.66602,461.13281,21.8,22.58216,2023-07-20,09:20
2023-07-2009:30:00,37.0,52.0,32820.0,196.33789,21.6,22.5422,2023-07-20,09:30
2023-07-2009:40:00,38.1,53.0,34911.66406,156.49414,21.7,22.46616,2023-07-20,09:40
2023-07-2009:50:00,37.3,54.0,38241.66406,298.4375,21.7,22.52615,2023-07-20,09:50
2023-07-2010:00:00,38.0,54.0,41611.66406,205.46875,21.7,22.45016,2023-07-20,10:00
2023-07-2010:10:00,38.0,54.0,44950.0,306.73828,21.7,22.35818,2023-07-20,10:10
2023-07-2010:20:00,37.9,53.0,48801.66406,213.76953,21.5,22.38215,2023-07-20,10:20
2023-07-2010:30:00,39.3,53.0,52641.66406,392.23633,21.6,22.26214,2023-07-20,10:30
2023-07-2010:40:00,39.2,53.0,54612.49609,394.72656,21.7,22.27415,2023-07-20,10:40
2023-07-2010:50:00,38.3,53.0,54612.49609,176.41602,21.7,22.27016,2023-07-20,10:50
2023-07-2011:00:00,39.4,52.0,54612.49609,412.98828,21.3,22.33417,2023-07-20,11:00
2023-07-2011:10:00,38.3,52.0,54612.49609,459.47266,21.8,22.37812,2023-07-20,11:10
2023-07-2011:20:00,38.1,54.0,54114.99609,216.25977,21.8,22.40618,2023-07-20,11:20
2023-07-2011:30:00,39.4,52.0,52105.83203,364.84375,21.7,22.37418,2023-07-20,11:30
2023-07-2011:40:00,38.1,53.0,50783.33203,246.97266,21.7,22.41421,2023-07-20,11:40
2023-07-2011:50:00,37.9,52.0,48719.16406,344.0918,21.7,22.37017,2023-07-20,11:50
2023-07-2012:00:00,37.0,54.0,16390.83203,294.28711,21.1,21.80211,2023-07-20,12:00
2023-07-2012:10:00,37.9,53.0,44709.16406,207.95898,21.7,22.81818,2023-07-20,12:10
2023-07-2012:20:00,38.7,52.0,44119.16406,255.27344,21.6,22.44616,2023-07-20,12:20
2023-07-2012:30:00,39.8,52.0,21598.33203,353.22266,20.9,21.67806,2023-07-20,12:30
2023-07-2012:40:00,40.1,53.0,42491.66406,285.15625,21.4,22.56214,2023-07-20,12:40
2023-07-2012:50:00,38.8,54.0,39041.66406,247.80273,21.3,22.40217,2023-07-20,12:50
2023-07-2013:00:00,39.8,54.0,36154.16406,227.05078,21.3,22.29412,2023-07-20,13:00
2023-07-2013:10:00,38.6,55.0,15309.16602,351.5625,21.1,22.06209,2023-07-20,13:10
2023-07-2013:20:00,36.8,56.0,8055.83301,247.80273,20.7,21.54608,2023-07-20,13:20
2023-07-2013:30:00,38.9,55.0,33664.16406,388.08594,21.5,22.61816,2023-07-20,13:30
2023-07-2013:40:00,37.9,55.0,30908.33203,352.39258,21.0,22.42615,2023-07-20,13:40
2023-07-2013:50:00,35.8,58.0,14742.49902,68.50586,20.9,22.15012,2023-07-20,13:50
2023-07-2014:00:00,35.1,59.0,9060.83301,282.66602,20.7,21.80211,2023-07-20,14:00
2023-07-2014:10:00,36.0,58.0,21045.0,294.28711,21.6,22.62214,2023-07-20,14:10
2023-07-2014:20:00,36.3,58.0,19592.5,361.52344,21.5,22.41412,2023-07-20,14:20
2023-07-2014:30:00,36.5,58.0,19856.66602,258.59375,21.3,22.44215,2023-07-20,14:30
2023-07-2014:40:00,34.8,60.0,16578.33203,402.19727,21.3,22.35014,2023-07-20,14:40
2023-07-2014:50:00,34.8,60.0,15304.99902,313.37891,20.8,22.29408,2023-07-20,14:50
2023-07-2015:00:00,35.0,60.0,17205.83203,310.05859,20.3,22.41004,2023-07-20,15:00
2023-07-2015:10:00,34.8,59.0,11981.66602,359.0332,19.8,21.94602,2023-07-20,15:10
2023-07-2015:20:00,34.6,61.0,10454.16602,286.81641,20.3,22.12203,2023-07-20,15:20
2023-07-2015:30:00,33.1,63.0,6015.83301,324.16992,19.9,21.62999,2023-07-20,15:30
2023-07-2015:40:00,33.4,68.0,6048.33301,271.875,20.1,21.71402,2023-07-20,15:40
2023-07-2015:50:00,33.6,64.0,6665.83301,271.875,20.5,21.78203,2023-07-20,15:50
2023-07-2016:00:00,32.9,64.0,4196.6665,338.28125,19.6,21.15794,2023-07-20,16:00
2023-07-2016:10:00,32.7,66.0,3767.49976,209.61914,19.5,21.08194,2023-07-20,16:10
2023-07-2016:20:00,33.0,65.0,3674.1665,289.30664,19.7,21.16198,2023-07-20,16:20
2023-07-2016:30:00,31.9,66.0,2162.5,324.16992,19.1,20.35793,2023-07-20,16:30
2023-07-2016:40:00,31.8,67.0,1446.66663,258.59375,7.1,19.80585,2023-07-20,16:40
2023-07-2016:50:00,31.6,66.0,787.49994,234.52148,18.0,18.64978,2023-07-20,16:50
2023-07-2017:00:00,31.8,67.0,234.16666,352.39258,3.3,3.54031,2023-07-20,17:00
2023-07-2105:00:00,25.0,84.0,29.16667,219.58008,2.0,3.00021,2023-07-21,05:00
2023-07-2105:10:00,24.9,84.0,165.0,247.80273,3.7,3.63231,2023-07-21,05:10
2023-07-2105:20:00,25.0,83.0,450.83331,435.40039,17.7,18.36575,2023-07-21,05:20
2023-07-2105:30:00,24.5,82.0,934.16663,236.18164,19.8,21.246,2023-07-21,05:30
2023-07-2105:40:00,25.4,81.0,1659.99988,364.84375,20.6,22.17803,2023-07-21,05:40
2023-07-2105:50:00,25.6,80.0,1802.49988,272.70508,20.5,22.61807,2023-07-21,05:50
2023-07-2106:00:00,24.8,80.0,1636.66663,393.89648,19.9,21.606,2023-07-21,06:00
2023-07-2106:10:00,26.2,81.0,2676.6665,286.81641,21.4,23.11814,2023-07-21,06:10
2023-07-2106:20:00,26.2,79.0,3047.5,359.86328,21.0,23.09814,2023-07-21,06:20
2023-07-2106:30:00,26.6,79.0,4255.83301,224.56055,21.1,17.16554,2023-07-21,06:30
2023-07-2106:40:00,27.1,76.0,3697.49976,378.125,21.3,23.14614,2023-07-21,06:40
2023-07-2106:50:00,27.5,76.0,5670.0,286.81641,21.5,23.13414,2023-07-21,06:50
2023-07-2107:00:00,28.1,74.0,7613.33301,285.15625,21.6,23.15814,2023-07-21,07:00
2023-07-2107:10:00,29.9,72.0,8782.5,263.57422,21.2,23.05012,2023-07-21,07:10
2023-07-2107:20:00,30.5,68.0,10400.0,436.23047,21.3,22.93414,2023-07-21,07:20
2023-07-2107:30:00,32.3,67.0,11747.5,455.32227,21.3,22.81411,2023-07-21,07:30
2023-07-2107:40:00,33.6,62.0,13336.66602,426.26953,21.1,22.80214,2023-07-21,07:40
2023-07-2107:50:00,34.8,61.0,15005.55469,391.40625,21.1,22.74212,2023-07-21,07:50
2023-07-2108:00:00,34.9,60.0,16674.44336,311.71875,21.1,22.69811,2023-07-21,08:00
2023-07-2108:10:00,34.8,59.0,18343.33203,350.73242,21.0,22.78211,2023-07-21,08:10
2023-07-2108:20:00,35.6,59.0,19712.5,324.16992,21.6,22.75015,2023-07-21,08:20
2023-07-2108:30:00,36.2,57.0,21496.94401,256.10352,21.3,22.73415,2023-07-21,08:30
2023-07-2108:40:00,40.1,54.0,23281.38802,295.11719,21.0,22.6541,2023-07-21,08:40
2023-07-2108:50:00,36.8,55.0,25065.83203,312.54883,21.3,22.68214,2023-07-21,08:50
2023-07-2109:00:00,36.6,56.0,26760.83203,337.45117,21.2,22.58614,2023-07-21,09:00
2023-07-2109:10:00,36.9,56.0,28154.16602,227.88086,21.2,22.65012,2023-07-21,09:10
2023-07-2109:20:00,36.2,56.0,30013.33203,211.2793,21.3,22.69816,2023-07-21,09:20
2023-07-2109:30:00,36.9,55.0,32294.998045,279.3457,21.4,22.66214,2023-07-21,09:30
2023-07-2109:40:00,37.3,55.0,34576.66406,275.19531,21.2,22.6381,2023-07-21,09:40
2023-07-2109:50:00,37.4,55.0,36813.33203,290.9668,21.2,22.51412,2023-07-21,09:50
2023-07-2110:00:00,38.8,54.0,38708.33203,261.08398,20.9,22.33811,2023-07-21,10:00
2023-07-2110:10:00,38.0,55.0,40603.33203,396.38672,21.1,22.33812,2023-07-21,10:10
2023-07-2110:20:00,38.2,54.0,42498.33203,301.75781,20.8,22.31811,2023-07-21,10:20
2023-07-2110:30:00,38.6,54.0,44393.33203,189.69727,20.8,22.25806,2023-07-21,10:30
2023-07-2110:40:00,38.7,53.0,46288.33203,366.50391,21.2,22.33009,2023-07-21,10:40
2023-07-2110:50:00,39.2,52.0,48183.33203,203.80859,21.1,22.31808,2023-07-21,10:50
2023-07-2111:00:00,39.0,54.0,50078.33203,261.91406,20.9,22.34608,2023-07-21,11:00
2023-07-2111:10:00,40.0,51.0,51973.33203,351.5625,20.8,22.2381,2023-07-21,11:10
2023-07-2111:20:00,41.8,54.0,53868.33203,87.59766,21.0,22.24612,2023-07-21,11:20
2023-07-2111:30:00,41.1,52.0,51955.83203,311.71875,20.7,22.24609,2023-07-21,11:30
2023-07-2111:40:00,40.4,50.0,49518.05468666666,67.67578,21.0,22.3061,2023-07-21,11:40
2023-07-2111:50:00,39.1,51.0,47080.277343333335,251.12305,20.9,22.25011,2023-07-21,11:50
2023-07-2112:00:00,38.4,54.0,44642.5,393.89648,20.9,22.41012,2023-07-21,12:00
2023-07-2112:10:00,39.1,52.0,37932.166602,195.50781,21.2,22.4381,2023-07-21,12:10
2023-07-2112:20:00,39.6,51.0,31221.833204,252.7832,20.9,22.20608,2023-07-21,12:20
2023-07-2112:30:00,39.3,52.0,27866.666505,110.00977,21.1,22.55411,2023-07-21,12:30
2023-07-2112:40:00,39.0,53.0,24511.499806,160.64453,20.2,21.59404,2023-07-21,12:40
2023-07-2112:50:00,35.8,55.0,17801.166408,149.85352,20.9,22.25408,2023-07-21,12:50
2023-07-2113:00:00,35.4,56.5,11090.83301,182.22656,20.8,22.32208,2023-07-21,13:00
2023-07-2113:10:00,35.0,58.0,12981.66602,233.69141,21.0,22.51809,2023-07-21,13:10
2023-07-2113:20:00,35.2,58.0,6799.1665,329.98047,20.2,21.77804,2023-07-21,13:20
2023-07-2113:30:00,34.2,59.0,5704.1665,285.15625,20.4,21.63803,2023-07-21,13:30
2023-07-2113:40:00,34.1,59.0,14563.33301,137.40234,21.2,22.76613,2023-07-21,13:40
2023-07-2113:50:00,35.6,59.0,23342.5,531.68945,21.3,22.87414,2023-07-21,13:50
2023-07-2114:00:00,34.7,60.0,21190.0,142.38281,20.9,22.79411,2023-07-21,14:00
2023-07-2114:10:00,34.7,60.0,18520.0,239.50195,21.2,22.65408,2023-07-21,14:10
2023-07-2114:20:00,34.2,59.0,18096.66602,276.02539,21.1,22.66209,2023-07-21,14:20
2023-07-2114:30:00,33.8,59.0,17528.33203,258.59375,21.0,22.5621,2023-07-21,14:30
2023-07-2114:40:00,33.9,60.0,16103.33301,310.05859,21.1,22.49408,2023-07-21,14:40
2023-07-2114:50:00,34.3,60.0,20901.66602,241.16211,20.9,22.50208,2023-07-21,14:50
2023-07-2115:00:00,34.2,60.0,14751.66602,380.61523,21.0,22.20208,2023-07-21,15:00
2023-07-2115:10:00,33.550000000000004,61.25,13472.49902,339.11133,20.8,22.27809,2023-07-21,15:10
2023-07-2115:20:00,32.900000000000006,62.5,9281.66602,207.95898,20.5,22.33805,2023-07-21,15:20
2023-07-2115:30:00,32.25,63.75,12404.16602,383.10547,20.8,22.48608,2023-07-21,15:30
2023-07-2115:40:00,31.6,65.0,7318.33301,233.69141,20.6,22.20205,2023-07-21,15:40
2023-07-2115:50:00,31.0,68.0,6155.83301,245.3125,20.1,22.07002,2023-07-21,15:50
2023-07-2116:00:00,31.4,69.0,4201.6665,418.79883,20.0,21.83403,2023-07-21,16:00
2023-07-2116:10:00,30.2,70.0,3584.1665,273.53516,20.0,21.77402,2023-07-21,16:10
2023-07-2116:20:00,29.7,72.0,4690.83301,339.11133,19.7,21.862,2023-07-21,16:20
2023-07-2116:30:00,29.9,72.0,1729.16663,339.11133,19.1,20.5419,2023-07-21,16:30
2023-07-2116:40:00,29.9,71.0,609.16663,447.02148,18.0,13.95682,2023-07-21,16:40
2023-07-2116:50:00,29.6,69.0,356.66666,346.58203,7.8,5.53276,2023-07-21,16:50
2023-07-2117:00:00,30.3,69.0,151.66666,198.82812,3.3,3.50835,2023-07-21,17:00
2023-07-2205:00:00,24.8,84.0,26.66667,237.8418,1.6,3.00419,2023-07-22,05:00
2023-07-2205:10:00,24.8,83.0,130.83333,285.15625,3.2,3.60835,2023-07-22,05:10
2023-07-2205:20:00,24.8,83.0,314.16666,205.46875,16.4,17.18565,2023-07-22,05:20
2023-07-2205:30:00,24.9,84.0,660.0,256.10352,18.5,19.54183,2023-07-22,05:30
2023-07-2205:40:00,24.9,84.0,1701.66663,353.22266,20.4,22.31405,2023-07-22,05:40
2023-07-2205:50:00,25.5,83.0,1850.83325,204.63867,20.8,22.63407,2023-07-22,05:50
2023-07-2206:00:00,25.8,81.0,2170.0,235.35156,21.0,22.80209,2023-07-22,06:00
2023-07-2206:10:00,26.5,80.0,2610.83325,267.72461,20.9,22.91811,2023-07-22,06:10
2023-07-2206:20:00,26.3,79.0,3068.33325,487.69531,21.3,22.9981,2023-07-22,06:20
2023-07-2206:30:00,26.5,77.0,5000.83301,298.4375,21.2,22.99411,2023-07-22,06:30
2023-07-2206:40:00,27.0,76.0,3834.1665,373.97461,18.6,23.14583,2023-07-22,06:40
2023-07-2206:50:00,27.4,75.0,7517.49951,227.88086,18.5,23.14186,2023-07-22,06:50
2023-07-2207:00:00,28.4,73.0,10268.33301,288.47656,18.5,23.09384,2023-07-22,07:00
2023-07-2207:10:00,29.0,73.0,11740.0,261.08398,18.4,23.04586,2023-07-22,07:10
2023-07-2207:20:00,30.2,68.0,13781.66602,122.46094,18.5,23.00185,2023-07-22,07:20
2023-07-2207:30:00,31.0,66.0,16186.66602,240.33203,18.2,22.87783,2023-07-22,07:30
2023-07-2207:40:00,33.0,62.0,18582.5,311.71875,18.3,22.77386,2023-07-22,07:40
2023-07-2207:50:00,34.3,60.0,20240.83203,178.90625,18.0,22.7618,2023-07-22,07:50
2023-07-2208:00:00,35.3,58.0,22508.33203,167.28516,18.0,22.74583,2023-07-22,08:00
2023-07-2208:10:00,36.0,58.0,24452.5,329.98047,18.5,22.76181,2023-07-22,08:10
2023-07-2208:20:00,35.5,58.0,25943.33203,232.86133,18.1,22.86583,2023-07-22,08:20
2023-07-2208:30:00,34.4,60.0,26653.33203,347.41211,18.3,22.90585,2023-07-22,08:30
2023-07-2208:40:00,36.3,58.0,28282.49805,184.7168,18.4,22.81381,2023-07-22,08:40
2023-07-2208:50:00,39.9,55.0,29054.16602,290.9668,18.0,22.53782,2023-07-22,08:50
2023-07-2209:00:00,36.9,55.0,29537.49805,152.34375,18.0,22.50579,2023-07-22,09:00
2023-07-2209:10:00,36.9,55.0,30064.16602,126.61133,18.2,22.47781,2023-07-22,09:10
2023-07-2209:20:00,36.8,55.0,8570.0,294.28711,17.0,20.9137,2023-07-22,09:20
2023-07-2209:30:00,36.2,55.0,33948.33203,268.55469,18.0,22.7098,2023-07-22,09:30
2023-07-2209:40:00,37.6,55.0,37027.5,181.39648,18.1,22.48578,2023-07-22,09:40
2023-07-2209:50:00,36.8,55.0,37105.0,364.84375,17.9,22.38578,2023-07-22,09:50
2023-07-2210:00:00,37.8,53.0,33461.66406,146.5332,17.8,22.36178,2023-07-22,10:00
2023-07-2210:10:00,38.4,54.0,34744.16406,129.93164,18.0,22.5298,2023-07-22,10:10
2023-07-2210:20:00,38.2,53.0,35385.41406,338.28125,17.7,22.34979,2023-07-22,10:20
2023-07-2210:30:00,38.2,53.0,36026.66406,297.60742,18.0,22.38978,2023-07-22,10:30
2023-07-2210:40:00,38.0,54.0,41059.16406,237.8418,17.7,22.37379,2023-07-22,10:40
2023-07-2210:50:00,38.0,54.0,30683.33203,257.76367,17.7,22.07777,2023-07-22,10:50
2023-07-2211:00:00,38.0,54.0,41790.0,179.73633,17.7,22.53382,2023-07-22,11:00
2023-07-2211:10:00,38.5,54.0,42800.0,399.70703,17.8,22.30978,2023-07-22,11:10
2023-07-2211:20:00,39.0,52.0,42450.0,276.85547,17.7,22.30578,2023-07-22,11:20
2023-07-2211:30:00,38.9,51.0,39890.83203,564.89258,17.8,22.26978,2023-07-22,11:30
2023-07-2211:40:00,38.6,51.0,37793.33203,630.46875,17.8,22.31377,2023-07-22,11:40
2023-07-2211:50:00,38.3,54.0,11408.33301,430.41992,17.3,21.3257,2023-07-22,11:50
2023-07-2212:00:00,36.8,55.0,16643.33203,496.82617,17.6,22.08178,2023-07-22,12:00
2023-07-2212:10:00,38.1,54.0,19989.16602,461.96289,17.8,22.50575,2023-07-22,12:10
2023-07-2212:20:00,37.7,55.0,30974.99805,440.38086,18.0,22.5538,2023-07-22,12:20
2023-07-2212:30:00,38.1,54.0,30803.33203,549.95117,18.0,22.5898,2023-07-22,12:30
2023-07-2212:40:00,37.2,55.0,28207.49805,572.36328,18.0,22.5978,2023-07-22,12:40
2023-07-2212:50:00,37.7,55.0,27541.66602,652.88086,18.0,22.60978,2023-07-22,12:50
2023-07-2213:00:00,37.6,55.0,26174.99805,641.25977,18.0,22.56977,2023-07-22,13:00
2023-07-2213:10:00,37.3,55.0,24897.49805,721.77734,17.8,22.5458,2023-07-22,13:10
2023-07-2213:20:00,37.3,55.0,23394.16602,541.65039,18.0,22.49378,2023-07-22,13:20
2023-07-2213:30:00,37.9,55.0,22370.0,603.90625,17.8,22.44978,2023-07-22,13:30
2023-07-2213:40:00,36.9,55.0,21375.83203,706.00586,17.9,22.52177,2023-07-22,13:40
2023-07-2213:50:00,37.2,55.0,20185.416015000003,790.67383,17.7,22.45379,2023-07-22,13:50
2023-07-2214:00:00,36.4,56.0,18995.0,747.50977,17.7,22.4338,2023-07-22,14:00
2023-07-2214:10:00,37.2,55.0,17654.4444375,724.26758,17.7,22.3938,2023-07-22,14:10
2023-07-2214:20:00,36.8,55.0,16313.888875,608.05664,17.7,22.24576,2023-07-22,14:20
2023-07-2214:30:00,36.7,55.0,14973.3333125,643.75,17.6,22.22577,2023-07-22,14:30
2023-07-2214:40:00,36.5,55.0,13632.77775,789.84375,17.4,21.42573,2023-07-22,14:40
2023-07-2214:50:00,34.5,59.0,12292.2221875,625.48828,17.2,21.37771,2023-07-22,14:50
2023-07-2215:00:00,34.7,58.0,10951.666625,606.39648,17.1,21.76172,2023-07-22,15:00
2023-07-2215:10:00,34.6,59.0,9611.1110625,655.37109,16.8,21.2737,2023-07-22,15:10
2023-07-2215:20:00,34.8,59.0,8270.5555,839.64844,17.2,21.63774,2023-07-22,15:20
2023-07-2215:30:00,34.9,59.0,6929.999937500001,655.37109,17.3,21.57372,2023-07-22,15:30
2023-07-2215:40:00,34.2,60.0,5589.444375000001,332.4707,17.1,21.54971,2023-07-22,15:40
2023-07-2215:50:00,33.8,60.0,4248.888812500001,563.23242,16.8,21.02168,2023-07-22,15:50
2023-07-2216:00:00,33.4,60.0,2908.33325,759.13086,17.9,21.04178,2023-07-22,16:00
2023-07-2216:10:00,33.2,60.0,3174.1665,577.34375,18.1,21.28982,2023-07-22,16:10
2023-07-2216:20:00,33.2,60.0,3139.1665,525.87891,18.2,21.22982,2023-07-22,16:20
2023-07-2216:30:00,33.2,61.0,2080.83325,656.20117,18.0,20.58978,2023-07-22,16:30
2023-07-2216:40:00,32.8,62.0,1129.16663,686.08398,16.9,19.59371,2023-07-22,16:40
2023-07-2216:50:00,32.4,63.0,656.66663,520.06836,7.2,4.84068,2023-07-22,16:50
2023-07-2217:00:00,31.6,66.0,280.0,657.03125,3.1,3.70831,2023-07-22,17:00
2023-07-2305:00:00,23.8,84.0,22.5,658.69141,1.7,3.00417,2023-07-23,05:00
2023-07-2305:10:00,23.8,85.0,129.16666,581.49414,3.1,3.64831,2023-07-23,05:10
2023-07-2305:20:00,23.9,85.0,379.16666,471.09375,16.3,18.60562,2023-07-23,05:20
2023-07-2305:30:00,24.1,84.0,757.5,674.46289,18.0,21.20584,2023-07-23,05:30
2023-07-2305:40:00,24.5,84.0,1370.83325,582.32422,18.9,22.3939,2023-07-23,05:40
2023-07-2305:50:00,24.8,83.0,1572.49988,581.49414,19.2,22.78593,2023-07-23,05:50
2023-07-2306:00:00,25.1,83.0,1923.33325,608.05664,19.5,23.06195,2023-07-23,06:00
2023-07-2306:10:00,24.9,82.0,2335.83325,485.20508,23.0,23.33035,2023-07-23,06:10
2023-07-2306:20:00,25.2,81.0,2660.0,706.00586,20.7,23.46206,2023-07-23,06:20
2023-07-2306:30:00,25.5,80.0,4071.6665,630.46875,20.0,23.28599,2023-07-23,06:30
2023-07-2306:40:00,25.7,76.0,3314.1665,357.37305,20.3,23.27003,2023-07-23,06:40
2023-07-2306:50:00,26.6,74.0,6254.99951,564.89258,20.2,23.20602,2023-07-23,06:50
2023-07-2307:00:00,27.3,74.0,7666.6665,579.83398,20.2,23.186,2023-07-23,07:00
2023-07-2307:10:00,28.3,71.0,9567.5,710.98633,20.3,23.06603,2023-07-23,07:10
2023-07-2307:20:00,29.0,70.0,11682.5,656.20117,20.2,23.086,2023-07-23,07:20
2023-07-2307:30:00,30.5,66.0,14453.33301,558.25195,20.2,23.04996,2023-07-23,07:30
2023-07-2307:40:00,31.2,64.0,17290.83203,680.27344,20.1,23.054,2023-07-23,07:40
2023-07-2307:50:00,32.8,62.0,20897.5,579.00391,20.0,22.978,2023-07-23,07:50
2023-07-2308:00:00,33.0,60.0,22904.16602,795.6543,19.8,22.96601,2023-07-23,08:00
2023-07-2308:10:00,34.3,58.0,24503.33203,699.36523,20.0,22.822,2023-07-23,08:10
2023-07-2308:20:00,34.6,60.0,25577.49805,665.33203,19.9,22.81398,2023-07-23,08:20
2023-07-2308:30:00,34.4,60.0,26389.99805,639.59961,20.0,22.71004,2023-07-23,08:30
2023-07-2308:40:00,34.4,58.0,27148.33203,595.60547,19.7,22.702,2023-07-23,08:40
2023-07-2308:50:00,36.4,55.0,27414.16602,656.20117,19.8,22.582,2023-07-23,08:50
2023-07-2309:00:00,42.4,50.0,29133.33203,652.88086,19.9,22.57396,2023-07-23,09:00
2023-07-2309:10:00,38.3,54.0,30822.49805,637.10937,19.4,22.47399,2023-07-23,09:10
2023-07-2309:20:00,37.4,53.0,32760.83203,535.00977,19.5,22.46594,2023-07-23,09:20
2023-07-2309:30:00,37.8,51.0,33655.0,637.93945,19.6,22.40195,2023-07-23,09:30
2023-07-2309:40:00,37.3,52.0,34754.16406,1061.2793,19.6,22.39796,2023-07-23,09:40
2023-07-2309:50:00,38.2,52.0,34052.5,738.37891,19.7,22.41801,2023-07-23,09:50
2023-07-2310:00:00,37.7,52.0,34088.33203,1047.99805,19.6,22.38195,2023-07-23,10:00
2023-07-2310:10:00,38.2,51.0,32906.66406,908.54492,19.5,22.36195,2023-07-23,10:10
2023-07-2310:20:00,38.8,52.0,34490.0,1023.92578,19.9,22.34197,2023-07-23,10:20
2023-07-2310:30:00,37.9,52.0,33815.0,1191.60156,19.5,22.22995,2023-07-23,10:30
2023-07-2310:40:00,35.8,55.0,8859.16602,899.41406,19.2,21.46188,2023-07-23,10:40
2023-07-2310:50:00,36.0,55.0,8808.33301,633.78906,8.1,5.84961,2023-07-23,10:50
2023-07-2311:00:00,34.0,57.0,11865.83301,710.15625,19.4,22.47796,2023-07-23,11:00
2023-07-2311:10:00,34.4,58.0,37210.83203,668.65234,20.5,23.71806,2023-07-23,11:10
2023-07-2311:20:00,35.7,54.0,9086.66602,503.4668,18.7,21.28989,2023-07-23,11:20
2023-07-2311:30:00,37.3,54.0,36559.16406,553.27148,19.9,22.73795,2023-07-23,11:30
2023-07-2311:40:00,38.0,53.0,34755.83203,636.2793,19.6,22.56196,2023-07-23,11:40
2023-07-2311:50:00,38.2,53.0,33319.16406,884.47266,19.5,22.54195,2023-07-23,11:50
2023-07-2312:00:00,37.7,53.0,31755.83203,515.91797,19.6,22.57798,2023-07-23,12:00
2023-07-2312:10:00,37.2,54.0,30045.83203,398.87695,19.8,22.70195,2023-07-23,12:10
2023-07-2312:20:00,36.7,54.0,29782.49805,581.49414,19.6,22.70994,2023-07-23,12:20
2023-07-2312:30:00,36.8,54.0,29488.33203,755.81055,19.7,22.71797,2023-07-23,12:30
2023-07-2312:40:00,37.5,54.0,28657.49805,678.61328,19.8,22.70595,2023-07-23,12:40
2023-07-2312:50:00,37.3,54.0,27358.33203,910.20508,19.6,22.64997,2023-07-23,12:50
2023-07-2313:00:00,36.6,53.0,26026.66602,627.97852,19.6,22.70196,2023-07-23,13:00
2023-07-2313:10:00,36.4,54.0,25078.33203,669.48242,19.6,22.68995,2023-07-23,13:10
2023-07-2313:20:00,35.5,55.0,23471.66602,723.4375,19.7,22.76999,2023-07-23,13:20
2023-07-2313:30:00,35.7,55.0,22806.66602,549.95117,19.8,22.68599,2023-07-23,13:30
2023-07-2313:40:00,35.2,56.0,21058.33203,611.37695,19.8,22.73399,2023-07-23,13:40
2023-07-2313:50:00,35.5,56.0,20155.0,798.97461,19.7,22.62997,2023-07-23,13:50
2023-07-2314:00:00,35.0,58.0,18990.83203,594.77539,19.6,22.59397,2023-07-23,14:00
2023-07-2314:10:00,34.7,58.0,17961.66602,581.49414,19.7,22.55798,2023-07-23,14:10
2023-07-2314:20:00,34.7,58.0,17030.0,587.30469,19.6,22.47794,2023-07-23,14:20
2023-07-2314:30:00,34.4,58.0,16204.16602,617.1875,19.3,22.40194,2023-07-23,14:30
2023-07-2314:40:00,34.4,57.0,14959.16602,657.86133,19.1,22.23794,2023-07-23,14:40
2023-07-2314:50:00,34.0,57.0,13438.33301,613.03711,19.4,22.10192,2023-07-23,14:50
2023-07-2315:00:00,34.2,57.0,12499.16602,645.41016,19.3,21.93789,2023-07-23,15:00
2023-07-2315:10:00,34.0,57.0,11027.5,641.25977,18.8,21.73792,2023-07-23,15:10
2023-07-2315:20:00,34.2,56.0,10198.33301,546.63086,18.8,21.5539,2023-07-23,15:20
2023-07-2315:30:00,34.1,56.0,8972.5,790.67383,18.6,21.31388,2023-07-23,15:30
2023-07-2315:40:00,33.6,56.0,7310.83301,696.875,18.7,21.06587,2023-07-23,15:40
2023-07-2315:50:00,33.7,56.0,6421.6665,712.64648,18.6,21.07788,2023-07-23,15:50
2023-07-2316:00:00,33.4,56.0,3454.1665,657.03125,18.5,21.02186,2023-07-23,16:00
2023-07-2316:10:00,33.4,56.0,2805.83325,622.16797,18.4,20.86189,2023-07-23,16:10
2023-07-2316:20:00,32.9,56.0,2284.1665,610.54687,18.3,20.54983,2023-07-23,16:20
2023-07-2316:30:00,32.4,56.0,1684.99988,601.41602,17.9,20.17379,2023-07-23,16:30
2023-07-2316:40:00,32.0,56.0,1195.0,696.875,17.6,19.71766,2023-07-23,16:40
2023-07-2316:50:00,31.6,58.0,702.5,667.82227,16.8,18.70565,2023-07-23,16:50
2023-07-2317:00:00,31.3,60.0,300.83331,652.05078,7.0,4.72057,2023-07-23,17:00
2023-07-2405:00:00,23.2,80.0,20.0,730.9082,1.6,2.94018,2023-07-24,05:00
2023-07-2405:10:00,23.3,80.0,93.33333,698.53516,3.0,3.58032,2023-07-24,05:10
2023-07-2405:20:00,23.3,80.0,360.83331,800.63477,7.3,5.76874,2023-07-24,05:20
2023-07-2405:30:00,23.3,81.0,941.66663,790.67383,19.0,21.51789,2023-07-24,05:30
2023-07-2405:40:00,24.0,80.0,1705.83325,837.1582,19.6,22.58598,2023-07-24,05:40
2023-07-2405:50:00,24.8,78.0,1949.99988,719.28711,19.9,22.88999,2023-07-24,05:50
2023-07-2406:00:00,24.7,79.0,2354.1665,860.40039,20.0,17.79343,2023-07-24,06:00
2023-07-2406:10:00,25.7,75.0,2892.5,630.46875,19.6,22.97402,2023-07-24,06:10
2023-07-2406:20:00,26.0,73.0,3559.99976,599.75586,20.1,23.07801,2023-07-24,06:20
2023-07-2406:30:00,25.8,74.0,5101.6665,603.90625,19.8,22.89001,2023-07-24,06:30
2023-07-2406:40:00,25.5,76.0,4889.1665,707.66602,20.0,23.00601,2023-07-24,06:40
2023-07-2406:50:00,26.2,73.0,6106.6665,686.08398,19.9,22.902,2023-07-24,06:50
2023-07-2407:00:00,26.7,73.0,8852.5,719.28711,20.2,23.23802,2023-07-24,07:00
2023-07-2407:10:00,27.4,70.0,11160.0,652.88086,20.1,23.21403,2023-07-24,07:10
2023-07-2407:20:00,28.1,71.0,15869.99902,629.63867,20.5,23.32205,2023-07-24,07:20
2023-07-2407:30:00,30.1,67.0,17973.33203,603.07617,19.9,23.13,2023-07-24,07:30
2023-07-2407:40:00,31.5,63.0,20730.83203,657.86133,20.3,23.03804,2023-07-24,07:40
2023-07-2407:50:00,32.0,61.0,22552.5,630.46875,20.0,23.06202,2023-07-24,07:50
2023-07-2408:00:00,32.9,59.0,23915.0,539.99023,20.3,22.982,2023-07-24,08:00
2023-07-2408:10:00,33.8,58.0,26336.66602,658.69141,20.2,22.91401,2023-07-24,08:10
2023-07-2408:20:00,34.6,57.0,26684.16602,569.04297,20.0,22.75799,2023-07-24,08:20
2023-07-2408:30:00,35.7,55.0,26619.99805,702.68555,20.2,22.68599,2023-07-24,08:30
2023-07-2408:40:00,35.3,54.0,27243.33203,719.28711,20.2,22.71802,2023-07-24,08:40
2023-07-2408:50:00,37.1,53.0,28634.16602,742.5293,19.9,22.62998,2023-07-24,08:50
2023-07-2409:00:00,40.0,51.0,29087.49805,769.0918,20.2,22.67,2023-07-24,09:00
2023-07-2409:10:00,36.7,54.0,30681.66602,897.75391,20.1,22.60197,2023-07-24,09:10
2023-07-2409:20:00,35.1,56.0,29834.99805,657.03125,19.8,22.62202,2023-07-24,09:20
2023-07-2409:30:00,36.6,54.0,32159.16602,724.26758,20.2,22.57398,2023-07-24,09:30
2023-07-2409:40:00,36.3,53.0,32941.66406,684.42383,19.8,22.55798,2023-07-24,09:40
2023-07-2409:50:00,36.4,53.0,34312.5,681.10352,19.8,22.45397,2023-07-24,09:50
2023-07-2410:00:00,37.6,52.0,32855.0,800.63477,19.7,22.47397,2023-07-24,10:00
2023-07-2410:10:00,37.6,51.0,33705.83203,590.625,19.8,22.42997,2023-07-24,10:10
2023-07-2410:20:00,37.5,51.0,32884.16406,690.23437,20.0,22.48597,2023-07-24,10:20
2023-07-2410:30:00,36.8,51.0,31659.16602,718.45703,19.8,22.47399,2023-07-24,10:30
2023-07-2410:40:00,37.4,51.0,32639.16602,721.77734,19.8,22.45395,2023-07-24,10:40
2023-07-2410:50:00,37.4,51.0,34053.33203,736.71875,19.9,22.55398,2023-07-24,10:50
2023-07-2411:00:00,37.6,51.0,34980.83203,513.42773,19.5,22.494,2023-07-24,11:00
2023-07-2411:10:00,37.7,51.0,36310.0,710.15625,19.7,22.56199,2023-07-24,11:10
2023-07-2411:20:00,38.4,51.0,35756.66406,759.13086,19.6,22.47798,2023-07-24,11:20
2023-07-2411:30:00,39.0,50.0,34753.33203,762.45117,19.8,22.28997,2023-07-24,11:30
2023-07-2411:40:00,37.8,51.0,33128.33203,665.33203,19.8,22.35795,2023-07-24,11:40
2023-07-2411:50:00,38.9,49.0,26200.83203,711.81641,19.5,22.24998,2023-07-24,11:50
2023-07-2412:00:00,38.7,49.0,29159.99805,780.71289,19.5,22.34997,2023-07-24,12:00
2023-07-2412:10:00,38.6,51.0,27507.49805,647.90039,19.5,22.34597,2023-07-24,12:10
2023-07-2412:20:00,38.3,50.0,26990.83203,681.93359,19.7,22.40999,2023-07-24,12:20
2023-07-2412:30:00,38.4,50.0,26163.33203,644.58008,19.8,22.40598,2023-07-24,12:30
2023-07-2412:40:00,37.4,51.0,24873.33203,692.72461,19.8,22.534,2023-07-24,12:40
2023-07-2412:50:00,37.2,51.0,24546.66602,683.59375,20.0,22.60998,2023-07-24,12:50
2023-07-2413:00:00,38.9,51.0,24305.83203,890.2832,19.8,22.40598,2023-07-24,13:00
2023-07-2413:10:00,37.6,51.0,24676.66602,792.33398,19.8,22.50999,2023-07-24,13:10
2023-07-2413:20:00,37.7,51.0,26004.16602,661.18164,20.1,22.61,2023-07-24,13:20
2023-07-2413:30:00,37.9,52.0,16792.5,754.98047,19.5,22.18195,2023-07-24,13:30
2023-07-2413:40:00,37.5,53.0,18781.66602,748.33984,19.8,22.49797,2023-07-24,13:40
2023-07-2413:50:00,36.3,53.0,13075.83301,720.94727,19.6,22.20196,2023-07-24,13:50
2023-07-2414:00:00,36.2,54.0,15707.49902,698.53516,19.9,22.48997,2023-07-24,14:00
2023-07-2414:10:00,35.6,54.0,15568.33301,645.41016,20.1,22.52997,2023-07-24,14:10
2023-07-2414:20:00,35.7,55.0,12841.66602,810.5957,19.6,22.34595,2023-07-24,14:20
2023-07-2414:30:00,35.3,55.0,11765.0,785.69336,19.5,22.26192,2023-07-24,14:30
2023-07-2414:40:00,34.8,56.0,11193.33301,638.76953,19.6,22.28997,2023-07-24,14:40
2023-07-2414:50:00,34.9,56.0,10270.83301,657.86133,19.7,22.21398,2023-07-24,14:50
2023-07-2415:00:00,34.9,58.0,10597.5,1024.75586,19.3,22.23398,2023-07-24,15:00
2023-07-2415:10:00,34.5,59.0,10285.0,949.21875,19.5,22.17393,2023-07-24,15:10
2023-07-2415:20:00,34.0,59.0,7759.1665,1004.83398,19.3,21.98995,2023-07-24,15:20
2023-07-2415:30:00,34.0,59.0,5147.5,970.80078,19.4,21.8099,2023-07-24,15:30
2023-07-2415:40:00,33.7,60.0,4531.6665,1034.7168,19.1,21.71789,2023-07-24,15:40
2023-07-2415:50:00,33.1,61.0,3949.99976,975.78125,19.0,21.60191,2023-07-24,15:50
2023-07-2416:00:00,32.6,62.0,3459.99976,956.68945,19.3,21.4739,2023-07-24,16:00
2023-07-2416:10:00,33.0,62.0,3090.83325,1021.43555,18.7,21.3339,2023-07-24,16:10
2023-07-2416:20:00,33.0,62.0,2714.1665,973.29102,18.8,21.18191,2023-07-24,16:20
2023-07-2416:30:00,32.6,62.0,2060.83325,1100.29297,18.5,20.87786,2023-07-24,16:30
2023-07-2416:40:00,32.4,63.0,1349.16663,968.31055,18.1,20.34181,2023-07-24,16:40
2023-07-2416:50:00,32.3,63.0,859.16663,1185.79102,17.7,19.80579,2023-07-24,16:50
2023-07-2417:00:00,31.6,63.0,302.5,1124.36523,7.4,5.50074,2023-07-24,17:00























































































































































































































































































































































































































































































































































































































